metric,value
n_total,577.0
rf_classified_mp050,442.0
rf_na_mp050,135.0
agreement_no_threshold_n,414.0
agreement_no_threshold,0.9366515837104072
cohen_kappa_no_threshold,0.9126210850348782
centroid_unclassified_thr015_all,52.0
centroid_coverage_thr015,0.9098786828422877
agreement_thr015_fixed_n442,0.920814479638009
centroid_unclassified_thr015_on_rf442,10.0
centroid_unclassified_thr020_all,94.0
centroid_coverage_thr020,0.8370883882149047
agreement_thr020_fixed_n442,0.8823529411764706
centroid_unclassified_thr020_on_rf442,29.0
rf_na_mp040,33.0
rf_ties_mp040,4.0
rf_stability_original442_mp040,1.0
rf_na_mp030,2.0
rf_ties_mp030,6.0
rf_stability_original442_mp030,1.0
