"gene_id","CMS1","CMS2","CMS3","CMS4"
"A1CF",-1.6831277997182,0.915497400348365,0.092157761513731,-0.0820368586767526
"ABAT",-1.72536799190585,0.908010926392846,-0.731883027845905,0.40858806455321
"ABCB1",-2.2311463097813,0.499624717424313,-0.0156508845121946,0.828957095630972
"ACE2",-1.82399506417768,1.41398039100498,-0.609119691801824,-0.206878963070971
"ACOT8",-0.526334097538164,0.472853324048936,-0.424424147854979,-0.000755143847482699
"ACTA2",-0.390729802080605,-0.568619240409088,-1.10505030624442,1.54520619492138
"ADAM12",0.2880213587594,-1.09970473290508,-1.69484781678597,2.07858053735187
"ADAMTS12",-0.0872871223866838,-0.737849846150328,-1.6963372774658,1.88210182134028
"ADAMTS2",0.668504786436894,-0.96144108640644,-1.80892266659372,1.73192628071181
"ADGRG6",1.71898502393871,-0.98373933097655,0.733733593013055,-0.31414082230675
"ADRB1",1.17865708596488,-0.983555253023063,0.853138516657495,-0.0355496034849318
"AEBP1",-0.0461795847302288,-0.902715256985154,-1.41066186459471,1.89723952225879
"AFAP1L2",0.853078088998717,-0.817787084588588,0.679191208803607,0.0680532404574711
"AGPAT4",0.415526144977509,-1.0945429738225,0.211351421111311,0.939315436686986
"AGR3",0.964005212503633,-0.801247567272603,2.3031294574299,-0.918638030884637
"AGT",-1.0349750952042,0.707773273362246,-0.760735980306385,0.225750013051767
"AIF1L",0.816108072892031,-0.780796521761945,-0.133981578339877,0.495640833331158
"AKAP12",0.0477147500640368,-0.801122271415386,-1.58816991410825,1.81266466376158
"AKAP5",-0.106452636952385,-0.444244895025967,0.909787440404952,0.102115381484438
"ALDH3A1",-0.00935168385537776,-0.154237715954653,1.42674083695422,-0.595052661432072
"ALOX5",0.605858663689311,-1.29241876942905,0.666746858383113,0.80545937647016
"ALYREF",0.338630710946828,0.129828484689208,-0.0324432169490234,-0.354812884326007
"AMFR",0.0152170777653056,0.0784697728819841,-0.114698320041452,-0.0411305127194592
"ANK2",-0.525778282506384,-0.788136041585336,-1.17395524571701,1.93430840045956
"ANKH",-0.947601559264163,0.2228698200573,-0.0825796709455927,0.381084823431416
"ANO1",0.955720127780982,-1.29924604000549,0.771130199170938,0.532920891362371
"ANO9",-0.883908354890612,0.715020590412386,-0.192485633670245,-0.192884343456322
"ANTXR1",-0.375180836421435,-0.726688649804691,-1.35460182550161,1.86374404913747
"ANXA1",0.70666169987377,-0.977879712309979,0.0664336754267086,0.692745161253695
"AOC3",-0.262982662973548,-0.795074143097283,-1.4370392566248,1.92018628894525
"APOBEC1",-0.523628359957215,0.0110480246860841,1.23795617497343,-0.362305344978599
"APOL1",1.19215426608837,-0.770136902693117,-0.0488549374934053,0.195917816259266
"AQP1",-0.356713766804605,-0.216089014485658,-1.08457399702429,1.08674152225076
"AQP3",0.544157402693001,-0.896349325041213,1.17467376472333,0.0865701445189192
"ARFGEF2",-0.669649222844067,0.412495571069978,-0.331385316768159,0.11218381736057
"ARFGEF3",0.120457455279948,-0.382953473399123,0.616561030551581,0.045170074395341
"ARHGAP24",-0.0436279014268165,-0.796574628300614,0.0548980202947334,0.958926201455236
"ARID3A",-1.18274595194471,0.672278165966841,-0.601050182200271,0.274754041977314
"ARMCX1",-0.37966542935543,-0.484942593145,-0.969871166565536,1.36257723683445
"ARSJ",0.851217003761731,-1.0657246986813,0.991233959295771,0.196314018466247
"ASAP1",-0.425020510320287,0.16007095733079,-0.689162408929097,0.458172223352182
"ASCL2",-1.62627907268157,1.28581004957894,-1.10309508424418,0.0942183605949281
"ASPHD2",1.34293734014948,-0.846579046667784,0.472919002578883,-0.0958889034708639
"ASPM",0.145386377610926,0.0791064304129996,0.0370692878710022,-0.20867178124804
"ASPN",-0.508811699894513,-0.702803074570288,-1.76421588165035,2.14615786773842
"ASRGL1",0.36021834354456,-0.438324968440532,1.38055392043467,-0.462466489210705
"ATOH1",-0.551568548073408,-0.747668439227195,2.46168995500811,-0.103952612683444
"ATP2A3",0.103913462291251,-0.580461843352727,1.08683793833785,0.0346330500535044
"ATP2C2",-0.288118182332482,0.203223247387306,0.307706581512062,-0.231239054813719
"ATP8B1",0.21423267499749,-0.171190628419865,0.672320734382559,-0.300991870444115
"ATP9A",-1.42386541518956,0.61301381282471,-0.452542929504809,0.418162538076511
"AUTS2",-1.41115708768306,0.321804320127721,0.467422647056145,0.25394801947476
"AXIN2",-2.20238679153198,1.01463526125846,0.201923910638348,0.0690047906579986
"B3GNT6",-1.13153198948145,-0.935831314931334,3.31961199521018,0.0197808932634696
"B4GALT1",0.0852391861491397,-0.180786497217777,-0.00206597462350455,0.164953725959974
"BAG4",0.378483491587705,-0.118075498956851,-0.126002837369006,-0.0294226459647824
"BBIP1",-0.00325230185074488,-0.103544789100578,0.190876933852728,0.0217311814177705
"BCAS1",-0.461821087162915,-0.28515030438711,1.39188894639604,-0.129181806078411
"BCAT1",0.275676179052435,-0.937565729345361,-1.10699205888783,1.56643669506286
"BCL2L14",-0.0154986538877095,-0.0516320345455681,0.726416771482515,-0.32858007026561
"BCL2L15",-0.224860308781502,0.0457483010049255,0.653506633047856,-0.272323481085525
"BGN",0.102917689043701,-0.852089107642393,-1.32413610425081,1.69328686855822
"BICC1",-0.68012212671997,-0.500009118537844,-1.66456264746786,1.95570968457344
"BIRC3",1.05857909274658,-0.688089856099193,-0.0126568524383806,0.162135909885315
"BMAL2",0.673533409689601,-0.490278636170885,0.126514752495213,0.0922464878206881
"BNC2",-0.413330061679211,-0.803166782254394,-1.31647171408605,1.95934451535676
"BNIP3L",0.514616734218889,-0.627489855235879,0.299666139036419,0.263692314676677
"BOC",-0.539381541470686,-0.702273943228069,-1.39921750593574,1.96364229741938
"BRI3BP",0.665478809862005,-0.0482876739374501,0.0708375231988237,-0.405334129855779
"BRIP1",0.349119671241345,0.0714070939465849,0.00312712603549919,-0.310620559402184
"BTN3A3",0.497210458836655,-0.547973462669701,-0.0261686484125281,0.358599175157306
"BUB1",0.458418181713801,0.0840392904208873,-0.0272020150752694,-0.37885790638731
"BUB1B",0.416229369278459,0.0866312652842078,0.0957270768067465,-0.422895546396784
"C12orf57",0.637376532139796,-0.554729292748214,0.485604470689358,-0.00502110791132547
"C16orf54",0.221806690173438,-1.02486212478029,-0.216032704705243,1.21459565084088
"C1orf174",0.288425088476539,0.00687131972347326,0.0147071067074336,-0.20040255291229
"C1R",-0.0903994392414509,-0.655712815393548,-1.11589843267008,1.46471424439525
"C1S",-0.226459077357024,-0.645075522889097,-1.25614436925393,1.61604986690642
"C2CD4A",0.811352922548004,-0.351548202565753,1.19750834166341,-0.753999153239702
"C3",0.0209628018977108,-1.07016550727441,-1.41290778499667,2.05774156825667
"C4BPB",0.844700514720464,-0.614473933307137,1.20832025670705,-0.4639136539273
"C4orf19",0.204472993306878,-0.114658399001217,0.661326046320708,-0.356928384560895
"C8orf33",-0.612207366085118,0.520964412483647,-0.416721648707467,-0.0082886822425324
"C9orf152",-0.141590454508506,-0.00726455513433642,0.718749231188236,-0.297458788306989
"CA12",-0.286569675699772,-0.133170805547746,1.04288509872011,-0.231849806376032
"CACNA2D1",-0.471919170488191,-0.843685820148071,-1.6206286077866,2.21343331323447
"CACNA2D2",-1.85853394579058,-0.0945944984111885,1.63590171059622,0.397215795585444
"CADPS",-2.82749930970928,0.769761906072328,1.04641528438608,0.297393998859066
"CALD1",-0.19246240793429,-0.593045133438991,-1.31773282151976,1.56554687453328
"CALML4",0.0532705755900899,0.133984573640723,0.278704426117921,-0.349456432542371
"CAPN9",-0.685706260220468,-0.498533209551409,2.75115727202384,-0.478768558758739
"CARD6",0.19776234955847,-0.70606281497087,0.123675198583907,0.657751444131251
"CASP2",-0.0196775218374924,0.0618320408425877,0.035233993181781,-0.0815114195312225
"CASP4LP",NA,NA,NA,NA
"CBFA2T3",-0.675550552005712,-1.03476252532896,1.82223125208444,0.674437019492005
"CBR3",0.950827855418846,-0.847679526185889,0.753375542315052,0.000843428076435368
"CBX5",-0.233741829650174,0.0515415754067389,0.130527336461528,0.0148907353761333
"CCDC68",1.29126206358744,-0.526658102331025,0.488095377578793,-0.457408297794565
"CCDC80",-0.249640333277789,-0.933491562504563,-1.62102323631446,2.18023871152863
"CCN4",0.137683194646581,-0.747909277456836,-1.35991360886146,1.56511390868313
"CCNA2",0.44047457901089,0.104918313892839,0.157640681899801,-0.49459212442578
"CCNB1",0.381571577495491,0.140460878834222,0.129444386264577,-0.484355693899919
"CCNB2",0.375631422173693,0.124327885605598,0.131015357633036,-0.461962173397857
"CD274",1.45402981622069,-0.900100970346536,-0.657230056131888,0.521367698626079
"CD55",1.06893294109022,-0.807409895015358,0.537215610005312,-0.00384009809367643
"CD9",-0.34089293824008,0.104622600595179,0.199038225405952,-0.0186166644787933
"CDC14B",-0.0295359701239874,0.0573547415405158,0.00821224776466031,-0.0549102231330665
"CDC25A",0.148398340997994,0.273888749193922,0.0489520997618537,-0.452231349187583
"CDC25C",0.245215790774401,0.184340899207994,0.149071751325253,-0.461157642165871
"CDC42EP5",0.184809265908713,-0.38613979036814,1.05591058847853,-0.234436143864925
"CDC7",0.530660068426089,0.00823395257990615,0.181973182504333,-0.448861052629265
"CDCA2",0.919345703016575,-0.182110616039933,0.310337704832438,-0.537911283507863
"CDCA8",0.463160897720808,0.0157149804711363,0.106436684590268,-0.373154754405826
"CDHR1",-4.01914724014846,1.53512850550464,0.668032575503168,0.342627760070115
"CDK1",0.344003344184119,0.190133950633518,0.0339886383691851,-0.467674770809872
"CDKN3",0.399317999330613,0.0662958104917395,0.206654825923025,-0.448765985158471
"CDT1",0.438482894866479,0.105987874740151,0.0895849901430253,-0.45706444873185
"CEBPA",-0.958935823374225,0.542591239370049,-0.148721030321504,0.0389364082626032
"CEL",-4.00532136116105,2.50021208257633,-1.59173557575349,0.415820396667712
"CELP",-3.56293299810177,2.08653372161735,-1.43826867527375,0.548202724574329
"CENPE",0.288640951694416,0.129732505825787,0.125309227027322,-0.409842860092633
"CENPK",0.112725265006738,0.205988163540719,0.390408309481149,-0.535915037180973
"CENPM",0.769693664683947,-0.0797689001154385,0.460269491320513,-0.648680453577275
"CEP55",0.437308071406318,0.0386479802176354,0.143854056223711,-0.404984259593569
"CEP68",-0.665674489052176,0.160731474273373,-0.0466057211686874,0.256381654710215
"CEP85L",0.346199988694676,-0.749503841575386,-0.0703060450433505,0.722511427068297
"CFD",0.690599244992559,-1.01396980944987,0.319142255054906,0.607123490258781
"CHN2",-1.39741950288716,0.882128203377019,-0.493748914789558,0.0992329766155044
"CHST5",0.577939539224265,-1.02458860534022,2.84367776633962,-0.701038777592245
"CKAP2L",0.328831784512861,0.0625834401946838,0.00137394799066815,-0.286061778901813
"CKS2",0.277770451599424,0.184109040677671,0.18373735807104,-0.500771293360153
"CLCA1",-2.34858669785491,-0.666805397332003,4.27936626144115,-0.0580281850387015
"CLCN3",0.0150972368929264,-0.0122327245167118,0.209407490247699,-0.110402529944737
"CLDN11",-0.877630918857179,-0.533700407612978,-1.29407009873154,1.91795889120747
"CNN1",-0.373902647780562,-0.786218969590754,-1.66163077884426,2.10417087521121
"COL14A1",-0.651753663116946,-0.475681535867167,-1.34098052912249,1.72972362030945
"COL15A1",0.0558902560344978,-0.601636765456262,-1.22193253187433,1.36462888152828
"COL1A1",0.247587535710079,-0.87331533267885,-1.54003505498767,1.745732003894
"COL1A2",0.0733736438515481,-0.796853371404118,-1.44428695557421,1.71176023714062
"COL3A1",-0.0182422013214432,-0.750086418517483,-1.42280723101035,1.70191107133532
"COL5A1",-0.0138605684848246,-0.678001030565228,-1.15503019903834,1.46437723349537
"COL5A2",0.0262117966755933,-0.699913791129963,-1.31091022419628,1.55126303579968
"COL6A3",0.0347981974847279,-0.730290739112036,-1.39520693284816,1.62895586693188
"COL8A1",-0.279833622950147,-0.786579866237862,-1.98860795343181,2.22499808957972
"COL8A2",-0.39295734251283,-0.723909165911393,-1.25838411859667,1.81864405313562
"COLEC12",0.0736753035290772,-1.15071542016225,-1.48797946975749,2.1627489002245
"CORO2A",-0.016547832723408,0.105899585720988,0.196026803980364,-0.225406188225425
"CPNE1",-0.85569754261872,0.655433759001725,-0.782247111587765,0.186419888234141
"CPS1",0.401285359855147,-1.12939181643867,1.28984961162545,0.395425539035378
"CRACR2A",-0.402312528954186,-0.0423311282627942,0.776165899046856,-0.120492521031016
"CREB3L1",0.980111661396767,-1.31640697286711,1.64106879589179,0.0581061234565504
"CRIP1",1.17129228694526,-0.931103043597713,0.647167426931375,0.019483461604506
"CRISPLD1",-0.732615895887295,-0.493336898408722,-1.153662983021,1.69926873263987
"CRYAB",-0.474238123981316,-0.497975675803528,-1.39725785445594,1.67443722820941
"CRYM",-0.558873133199198,-0.0584013350972999,1.45692038887464,-0.376811259634609
"CTNNB1",-0.103834494891727,0.140692865596615,-0.274333121224936,0.0477937172142882
"CTSK",-0.18908629316452,-0.567646933814941,-1.09890393311936,1.41200696679229
"CTTNBP2",-2.7959133096709,1.16808984611885,-0.462680444721177,0.629108232078996
"CXCL10",1.75227844475659,-1.11285381586635,-0.688100803105187,0.604908454379593
"CXCL12",-0.646230161749635,-0.381381780299295,-0.929188161811187,1.38519416868353
"CXCL13",1.74967036942964,-1.41646574910592,-0.73665277361846,0.999787715936357
"CXCL14",-2.87943790574089,1.24678732719039,-0.143493325499824,0.411308207328971
"CYP1B1",0.167309781015742,-1.56369285262964,-1.09066146336645,2.38222766576239
"CYP2B6",-2.68551269742241,1.4489574095133,-0.828911952054676,0.421760924214617
"CYP3A5",-0.0349747723036927,-0.297558085085617,0.978396276918324,-0.158371522933734
"CYTIP",0.311022804228523,-1.08122987866426,0.477383331414641,0.843137605944385
"DANCR",0.163890752771965,0.070199697323449,0.479123728742568,-0.45361889629252
"DAPK1",1.09073465456608,-1.50042448846443,0.661014726863634,0.750345874378093
"DCLK1",-0.540536654122229,-0.741326663159646,-1.34730756153063,1.98287180332203
"DCN",-0.362612701804972,-0.692929822992709,-1.33099465071466,1.80195838619212
"DDC",-1.37969301931409,0.897332149559945,0.284735292707746,-0.359933415883147
"DDR2",-0.251107316938724,-0.928884219197812,-1.54807250130436,2.1353652777986
"DEPDC1",0.631315624869582,-0.0218404626166039,0.232467921132777,-0.504634814021743
"DEPDC1B",0.261777159602601,0.164769912814403,0.0781335092008309,-0.408964156840189
"DLGAP5",0.516143324929988,-0.0431034335003314,0.1743455990543,-0.373433135295243
"DNA2",0.182925547078764,0.241546508250856,-0.111326351799501,-0.346794095894659
"DOCK8",0.143635313287135,-0.954685685240697,0.278163048447774,0.90710816939476
"DPEP1",-3.06341999476027,1.48190361115471,-0.13501612175548,0.240237981404759
"DPM1",-0.620457069315315,0.552541348316638,-0.464030967749814,-0.0150343422328283
"DPT",-0.591111860834254,-0.752098653639238,-1.91683745756305,2.34235936633848
"DPYSL3",-0.551547290417835,-0.87393331293864,-0.586223966614225,1.73003014797965
"DQX1",0.157524458233215,-0.517349113172746,0.877135868260283,0.0399600893643839
"DUOX2",-0.694194260152518,-0.212539687290753,2.06113540948091,-0.437816678748156
"DUOXA2",-0.679109668848941,-0.221415512386784,2.4826718886518,-0.669299255558136
"DUSP18",-0.592674837367203,0.20721328815667,0.075563116506794,0.0863106738517621
"DUSP4",2.2855536564083,-1.63639085668226,1.1861276355614,-0.137486373401965
"DYNC1LI2",-0.103154422640168,-0.0759780808306282,-0.0564982430949569,0.188674535773597
"E2F7",0.538472378014522,0.0472089236413838,-0.0926732240509918,-0.349354473651766
"E2F8",0.126344601333674,0.0936908199615548,0.171179144381458,-0.288117935635541
"ECM2",-0.316390070872722,-0.730583857843128,-1.3029871402212,1.80246364066187
"EDNRA",-0.378200253083457,-0.079457142744752,-1.4010811622865,1.1101725267136
"EFEMP1",-0.664210508539125,-0.602965092204634,-1.50889984983272,1.9839334562917
"EIF5A",0.561988011661298,-0.170124842970918,0.365130722527548,-0.354637940420435
"EIF6",-0.426851577909758,0.421275552699845,-0.39278083425935,-0.0194274760349811
"ELAPOR1",-0.499155674300742,-0.115511474695798,1.4632877745541,-0.349493889791342
"ENPP3",-2.99950823242898,1.36125418283995,-0.514242367638684,0.554306337336441
"EPDR1",-1.6113176379275,0.715373992863635,-0.872802471975433,0.646073313897878
"EPHA4",0.772894166639864,-1.42433133274108,0.988527688514662,0.680572811960892
"EREG",-2.35289338446531,1.73611013146174,-1.91028173464557,0.459626922957805
"ERP27",-1.99572436423598,1.11585467481855,-0.291242002419382,0.0870985916698726
"FABP6",-1.42235635982249,0.938466975506386,0.0511110466384031,-0.253466490766271
"FAM114A1",0.624899609611664,-0.764770198314381,0.269741803089512,0.37553259702605
"FAM217B",-0.778362127570336,0.607321176180594,-0.931749104567758,0.277635995407401
"FAM3D",-0.916953701115024,0.182168704588661,1.34160254708997,-0.375100067014301
"FAM83F",0.237443407450946,0.0847530069791824,0.19158513587051,-0.359462774346276
"FANCD2",0.307064952304628,0.100318415125557,0.0504627634293071,-0.344801736617208
"FARP1",-1.13385151131085,0.603183022160108,-0.89627866119411,0.489838129750097
"FBLN1",-0.78042537554376,-0.447196143781211,-1.46565863856059,1.84621629989212
"FBN1",-0.130907525802705,-0.743789411666849,-1.50774928554533,1.81304852429018
"FBXL16",1.54232329940567,-0.945276981411152,0.276265443496539,0.00453331773933705
"FBXO21",-0.0863953951731298,0.0838172995206411,-0.130966562116722,0.0262129076326923
"FBXO32",0.0403422318955372,-0.569882972343786,-0.138525058496157,0.73848185096219
"FBXO6",0.938042747509747,-0.298432782240373,-0.109403081077703,-0.177868763906
"FCGBP",0.497755378086014,-1.2964780773191,3.08962172766558,-0.457437566588697
"FERMT2",-0.367260429918543,-0.546586514051265,-1.1979096911722,1.55487589669112
"FERMT3",0.0717477890615843,-0.693576986371507,-0.24015873180005,0.923806901178076
"FIBIN",-0.603563620977415,-0.456980929766728,-1.35327495058445,1.6831951289403
"FITM2",-0.846715657925147,0.693692132951704,-0.659170297939399,0.0666117167357218
"FJX1",-0.0606076117917255,0.0827977474378983,-0.953369065664157,0.464731886498172
"FLJ32255",NA,NA,NA,NA
"FLNA",0.0300653429825655,-0.591862698126776,-1.16913207784927,1.34017582189131
"FN1",0.0785001148139444,-0.830732620355326,-1.75557662939339,1.92112467788527
"FNDC1",-0.40091923479469,-0.867573277409323,-2.12201999043497,2.47359966896509
"FOSL2",0.258781088673973,-0.4306575679279,0.00263750296745741,0.353219472052716
"FOXA3",-0.16683344869756,-0.155313600057493,0.982791289553926,-0.248353994136056
"FOXO1",0.137975795363771,-0.215177429862184,-0.549232833506674,0.474702867829428
"FRZB",-1.65528071540749,-0.115564024901814,0.479760862450382,0.930733114048139
"FSTL1",-0.297129180763236,-0.481719646630301,-0.974596873655336,1.30864232602296
"FTX",-0.888229079299711,0.398628499488179,-0.44397325833329,0.330476297182448
"FUT4",0.147806578301963,0.0686793069534903,0.383992293043928,-0.389037038988319
"FXYD6",-0.555782796864746,-0.514231120485966,-1.11760229286521,1.5917830222362
"FZD5",0.21580383651397,0.0233010922766655,0.147553240616629,-0.247198657070957
"GALNT6",-0.758338018178251,0.253461441925414,0.246785355231335,0.0417081788002322
"GALNT7",0.25804525107321,-0.190841210808558,0.627715333843555,-0.280615176139716
"GALNT8",-1.1068463325588,-0.621861651428665,2.74154219662527,-0.0559606963332171
"GAS1",0.51555280903046,-1.43952964728619,-1.76518032523606,2.38236882385277
"GAS2L3",-0.203566153251447,0.158076479423339,-0.045352910202423,-0.0358984959112515
"GATAD1",-0.407682674090945,0.22625884397614,0.0305868682819888,-0.0298731021032465
"GBP4",1.66402419139769,-1.0127376226245,-0.649857685042819,0.519279041782256
"GEM",-0.00563299798574756,-0.598144491290023,-0.626111838861803,1.07093300274745
"GGH",-1.2455487174136,0.762290287834149,-0.0494770329680178,-0.0981336646398435
"GLT8D2",-0.352522806032955,-0.627941836173764,-0.98409695344886,1.52569611837494
"GMNN",0.322222455728214,0.0699441189182572,0.218078231540953,-0.41029004475056
"GNA15",0.488031559971848,-0.85918673502506,0.744902984133519,0.314638073112469
"GNE",0.0233287686326602,-0.492267549754826,1.12212911114273,-0.0398718536747962
"GNG4",-3.76495209642377,1.98157614050124,-1.67315345582131,0.933341522739227
"GNLY",2.35017640949535,-1.06729774071445,-0.411547442288722,0.0159281526193542
"GPC6",-0.232173272235625,-0.589705731092425,-1.36958215958277,1.61545588544546
"GPR143",-2.925700827102,1.80193526284146,-1.02526997905765,0.25731209540891
"GPR15LG",-4.04997452205031,1.68137114624366,0.797777805468866,0.114210125927618
"GPSM2",-0.849419713147026,0.551771961595134,-0.112544880619287,-0.0619667542310724
"GREM1",-0.0318740240946598,-0.898983489837156,-1.8193416899968,2.1090882286207
"GRM8",-3.07988428391181,1.63303310378885,-0.745885599694802,0.405374834995705
"GSN",0.0745125215137605,-0.685528551281799,0.329508013423154,0.598030670071998
"GTSE1",0.41395775649074,0.056986554847895,0.0634635029616218,-0.367867722832449
"GUCY1A1",-0.200713341230752,-0.591116702970916,-1.45811499180453,1.64593521674563
"GUCY1B1",-0.18152126967178,-0.461181641166432,-1.18978239347283,1.32882824914891
"GZMA",1.50162505779423,-0.907936522022883,-0.138352656198944,0.214184731061749
"GZMB",0.687324891499136,0.43082218353557,-1.60287596473272,-0.0740783269226049
"H2AJ",-0.84576994244778,0.460509707264518,-0.0701129967095494,0.0224383492544346
"HBS1L",0.0383285212723915,0.0705559312679989,-0.0593717136942551,-0.0768478558210759
"HCAR3",0.782751996888991,-0.677338879828418,-1.23990229316157,1.00222019110805
"HDGFL3",-0.927482694005304,0.236203355505019,-1.55269456965332,1.16325605209916
"HEPACAM2",-1.16861442935415,-0.833053198346454,2.91003306369413,0.145368960899019
"HIP1",-0.212141243820202,-0.153707577047077,-0.552338329855507,0.625579016724467
"HJURP",0.342891897279971,0.169582691679445,-0.0760454853259801,-0.381454018732567
"HMCN1",-1.00214214790467,-0.447144192046994,-1.51959580938435,2.01735204855279
"HMGB2",0.377043653677069,-0.00618204895129974,0.18019006455624,-0.332481962504489
"HMMR",0.398957096518847,0.132183607414142,0.0148113230493439,-0.422210817720109
"HNF4G",0.102435051087679,0.0969713697779915,0.147955137295065,-0.264011330485272
"HNRNPH1",0.00936385232576271,0.0424736755984444,-0.108800791849563,0.00279319846968354
"HNRNPL",0.00630175180058645,0.067624333328798,0.0442161998855899,-0.110030802516832
"HOOK1",-0.119742882485178,0.266941980597643,0.0354664869044681,-0.265351371910799
"HOPX",0.168163902202567,-0.98107890828596,-1.13731882243147,1.70427002614361
"HOXC6",2.18986767153447,-1.67186769627963,-0.503385935558548,0.898516979839179
"HOXD1",1.23968011001824,-0.754505443492412,-0.21987016669991,0.241087281175709
"HPSE",1.33559015512035,-0.664641988970748,0.0949347873668784,-0.102238098400699
"HSD17B6",-0.740211978525434,-0.339785411933127,-0.918611455667979,1.38911014865751
"HSPA4L",1.67356366009186,-0.58095092352696,0.541381325033956,-0.665163675475833
"HSPB8",-0.316371584526534,-0.700537564424426,-1.47588583441779,1.86158146273381
"HTR2B",-0.11755942475551,-0.996332396884935,-1.23514259024469,1.95892292044361
"HUNK",-2.27497166709883,1.1818556647038,-0.842670983715496,0.489819424694597
"HYAL1",0.696893132185024,-1.17189273910182,1.87788288772294,-0.0662897682905583
"IER5",0.53291369450522,-0.451765483205862,0.352953345544598,0.0105391391429344
"IFI16",0.536167196761392,-1.00731031378616,0.193602658524812,0.766866389863204
"IFI6",1.04692709189564,-0.879294428149027,-0.230025016747438,0.520260484589845
"IGF1R",-0.287712285622286,-0.0366723070748447,-0.192664511310599,0.334097938365569
"IGF2BP3",1.8439229485086,-1.12093678134254,0.24060169779598,0.04381329775325
"IGFBP5",-0.126644080078745,-0.495039297223468,-1.75135849500535,1.64451816566772
"IL15",0.670442589247816,-0.535437612268057,0.300199195471385,0.0528945310605267
"IL17RB",0.263638747331365,0.31274481728347,-0.263200258966885,-0.400420044382121
"IL1R2",0.988455910736011,-1.02889187391293,1.77581938969507,-0.368563068854645
"IL1RN",1.34375814074541,-1.29812872549571,-0.0767242661751988,0.751812691288379
"INHBA",-0.0673268925523726,-0.798612083706619,-1.46881994752851,1.81717550353126
"INO80D",-0.0547664629334656,0.051863793893667,-0.0193721996957545,-0.0169688974785225
"IRF1",1.02248042659415,-0.408483485880139,-0.121577374667054,-0.092197513500484
"ISG20",1.11905016163488,-0.756990785844729,0.0271760121259476,0.184739080010516
"ISLR",-0.205262772385345,-0.653689119892623,-1.33222512529483,1.65489939620993
"ISX",-3.11279911113927,1.0278298084726,0.462233336730582,0.490241616270561
"ITCH",-0.495539273167717,0.30933942239055,-0.405202769530355,0.166339347669628
"ITLN1",-1.43546943352697,-0.852290583664273,3.336603634048,0.103472303576916
"JAK2",1.02418381893524,-0.637430408070804,0.0532072707799038,0.0865981827481989
"JUN",-0.617729116760648,0.139398896238259,0.11290434570678,0.163536474497394
"KCTD1",0.979624019588775,-0.889388215706614,0.377970599212926,0.239931503445943
"KCTD12",0.141508010305364,-0.818248245491662,-0.202341206800785,1.0089051624266
"KHDRBS3",-2.00732080816412,0.856025907919187,-0.459371194215679,0.500843699355708
"KIF11",0.451488866146791,0.00814777688799422,0.138034607925788,-0.374009308331312
"KIF15",0.0709138237951734,0.251463745025368,-0.0173380677619273,-0.339163025238196
"KIF18A",0.413539708977404,0.109870622406906,-0.0330841299883116,-0.378158976569334
"KIF9",0.17391199466665,0.115744380023715,0.289057998058855,-0.41011562658982
"KLF9",0.151514796650764,-0.767900109984273,0.0477699883990562,0.803764148173297
"KLHL32",-1.20747608905091,0.068817116357636,0.897026592707916,0.192320106606825
"KLK1",0.0391462187143023,-0.530456396588356,1.77026561162904,-0.361464860402996
"KLK11",1.0951333920936,-1.37583721200014,2.24429516454537,-0.276358205739749
"KLK12",-0.517400493583285,-0.888011326549997,2.47685686518705,0.0352619212947539
"KMT5A",0.10420708901124,-0.0226726614152225,0.12042398729387,-0.105554199788863
"KNL1",0.470726035597673,-0.0751163841009335,0.125005028697667,-0.278601333592655
"KRT23",-3.50672501490395,2.01873958744098,-1.69643403322864,0.736602474032655
"KRT7",1.06969628433704,-1.20211741013592,0.541520230208038,0.46966911762736
"KRTCAP3",0.341512887714405,0.0613235847860157,0.278950908485744,-0.445776842275828
"KYNU",1.27006881706151,-1.26348517598012,-0.132029075194027,0.787523215405879
"L1TD1",-1.82369715148139,-0.425987708569732,3.68623315102606,-0.356267700485199
"LBH",-0.393655775981891,-0.252247138876331,-0.883596116958727,1.04306274440263
"LCN2",1.32175291598853,-0.422077572860866,1.32812379887597,-1.06654119578182
"LDLRAD3",-0.730635619148436,0.550712780146169,-1.09467067629298,0.405398016200614
"LHFPL6",-0.362132781153974,-0.536250322501536,-0.889359287169476,1.36889539081427
"LIMA1",0.403244875279597,-0.411981535434963,0.630450462046211,-0.107858063627179
"LINC00261",-0.142274485463219,-0.579350469569002,1.93784854478488,-0.279180424157708
"LMO4",0.730104775822259,-0.652523380354397,0.276255076708008,0.169355128702206
"LMOD1",-0.53927703480583,-0.740298305809287,-1.43083259905548,2.02690991145244
"LOX",0.263235916978415,-0.74823734993208,-1.38923441376777,1.50159287599333
"LOXL1-AS1",NA,NA,NA,NA
"LRRC31",-1.26876269316936,0.37805401185775,0.806537537313072,-0.091875213393009
"LUM",-0.17070649964553,-0.712037996524349,-1.35005442437532,1.71311279006206
"LXN",0.289169105564439,-0.597002788596442,0.39339128330709,0.319007193621375
"LY6E",1.05812135505527,-0.308693911497803,-0.910111495155291,0.199683646771906
"LYSMD2",0.648538722173687,-0.193968230980531,0.0844294467230794,-0.226205152533238
"LYZ",1.82768127302048,-1.70457516101254,1.17405966145999,0.24355422417931
"MACIR",-0.0778799261009773,0.180817369467623,0.100194051359362,-0.223825314491329
"MAD2L1",0.35996592960295,0.181745359978553,0.141841021817322,-0.527238401585554
"MAP1B",-0.391572781703641,-0.493592984639857,-1.15289479816528,1.48159198946748
"MAP3K6",0.821413913628768,-0.843401490592361,0.498411798058966,0.21890710343645
"MAPRE2",0.350736456065861,-0.537725498117785,0.266730012938094,0.278071992754983
"MARVELD3",0.264271164808741,-0.0697221114146378,0.411783955991285,-0.311630549838277
"MB",-0.780144239702479,-0.42412404117754,1.91131325015636,-0.0449655905790333
"MBD1",0.299149701103716,-0.244966489047146,0.0571245842406311,0.073295320633835
"MCM10",0.556809859788221,0.125199816488854,-0.115848300150965,-0.442393213130225
"MCUB",0.947985394875478,-0.607610440082404,0.301773390930822,-0.0379220226622543
"MDM4",-0.109038274475839,0.0510616194666496,-0.0305721994708288,0.024800227172534
"MEIS1",-0.254779289674515,-0.561177989864378,-1.32715304553346,1.57203776664714
"MEIS2",1.08154238645001,-1.29746980942029,-0.593265257203785,1.20328114812571
"MERTK",-0.735605408490479,0.301073397791203,-0.908528498560854,0.607158176253634
"MFAP2",-0.469218628273945,-0.253617686517728,-1.16768372090195,1.24965873053861
"MGP",-0.603580789567743,-0.807241239092063,-1.44902056015885,2.15875920475058
"MIA3",0.166659868597573,-0.354111237492521,0.396782005498999,0.102143919144796
"MICB",0.957685380038917,-0.424664156946331,-0.209321642105349,0.0170762840030071
"MIR100HG",-0.425894995447578,-0.762455739768627,-1.34948900017337,1.936442493464
"MIS18A",0.199931727411349,0.0614311518953432,0.216162979276144,-0.320946032478113
"MIX23",0.0501139512209825,0.239103247949268,0.0939297795607606,-0.372365456854644
"MLPH",1.2188926122363,-1.2287553359183,1.68727533718438,-0.225499378075216
"MMP2",-0.179485053415858,-0.687930408400729,-1.27208657255053,1.64660079113887
"MN1",-0.692150417383882,-0.384330344147614,-1.33509039118251,1.64199279398926
"MND1",0.304465956160616,0.201806773448506,0.234253974224595,-0.567031753353884
"MOCS3",-0.813683654584305,0.603375567587036,-0.49458478956317,0.0637365302508304
"MOGAT3",-1.36206305769416,0.878077270613209,-0.400132254212474,0.0299164883889384
"MORC4",0.78423671424797,-0.171014941291913,0.0694798154786432,-0.332225286759613
"MOXD1",-0.892613095216396,-0.392419810271228,-1.26739537752834,1.74228833315344
"MRAP2",0.495657941777675,-0.552540521834997,1.48511490836947,-0.468710075605984
"MRGPRF",-0.248934001438092,-0.628537603641135,-1.33582393872314,1.65438890253844
"MSRB3",-0.418814248892001,-0.644988382014848,-1.40288027910811,1.81961177381901
"MT1H",0.414266386758182,-0.641702160077471,0.431738949624779,0.271993939782369
"MT1X",0.724334332763644,-0.488467194960698,0.246431008891125,-0.00850791292279398
"MTA2",0.242060682060669,-0.0489951198077168,0.0300450243207049,-0.111862545309779
"MUC2",1.01324723653171,-1.75225959979287,3.45844397876183,-0.439692811837081
"MUC4",0.888209495795163,-1.28744722162726,2.18562728660452,-0.218664120721675
"MXRA5",-0.214399079655428,-0.603959027787447,-1.3993442520027,1.63773989580101
"MYB",-0.372143363209294,0.325679252843257,0.274558487746899,-0.307139911520425
"MYC",-0.340838662331623,0.421956969704165,-0.180506386393298,-0.192237120835103
"MYL9",-0.432894988407983,-0.446998209299692,-1.46797115146775,1.62555286325934
"MYLK",-0.59781178162948,-0.440049321812196,-1.29995673025044,1.62967420370963
"MYOF",0.319434613374982,-0.613657864437071,0.128915103928082,0.465718732586589
"NAA15",0.089479470220317,0.0955089117125825,0.0236803960795587,-0.18541615332032
"NAP1L3",-0.614761088977356,-0.591171789938815,-1.14514316509341,1.73746149777359
"NCAPG",0.537760155478017,0.0613239209500348,0.0671875267340218,-0.454134501287547
"NDN",-0.499163431222848,-0.337751427097819,-1.13386339573924,1.35164268130601
"NEK2",0.313531490110176,0.136869885293052,0.0163316767910298,-0.374209840722466
"NEK3",-0.835853353141384,0.5547789180629,-0.301054937858732,0.0297553071259968
"NEXN",0.0316963584944596,-0.752812481867768,-1.31313649610699,1.6128357989978
"NFIB",0.0590754264464383,-0.0901374775745159,-0.0848397510337002,0.117908701461658
"NFIC",0.296607365848263,-0.466714569216898,-0.0899380872902916,0.423682174173907
"NFS1",-0.479971282974526,0.40940751184091,-0.377458284648991,0.020328909482095
"NKG7",1.35510486099571,-1.01885482430294,-0.429860170083555,0.60235316012135
"NME7",-0.0687862219848821,-0.0644249754336445,-0.128979013712723,0.192795981596603
"NOSTRIN",-0.0793951014339207,0.040840524675069,0.513546638631534,-0.281977765696703
"NOX1",-1.52858397219072,0.817762013525677,0.351634499433204,-0.205828240648337
"NPDC1",0.0788091487064324,-0.303833578419967,0.96954245670112,-0.2184990797789
"NR1D2",-0.451190772234877,0.131030078131237,-0.287721848442225,0.288431935407846
"NR1I2",-1.7599238889439,0.95251880613146,-0.00966959166382442,-0.021546648362677
"NR3C2",-0.0346623873405009,-0.321192800243059,1.0605777574222,-0.175387653256857
"NT5E",0.76926237527546,-0.640941916013007,0.495576083733422,0.00939295786636029
"NUF2",0.196717010456068,0.22777964762975,-0.0405822171748301,-0.378008168471769
"NUFIP1",-0.666160158024154,0.399564802570152,-0.213949800508168,0.0607721255731804
"NUP50",0.348025175503105,-0.092700023109205,0.077759371783017,-0.153038444362536
"NUSAP1",0.464557547453389,0.0571474441830708,0.0930701447428297,-0.416675775523464
"NXPE1",-1.34977218911946,-0.471430099417787,2.17713885703557,0.228848871233228
"ODC1",-0.00245474189586211,0.203647340085976,0.120143731083802,-0.31050151294057
"OIP5",0.469548646292394,0.12638630053182,0.153403175550549,-0.536711078752819
"OSR2",0.998849341340673,-0.979340792563608,0.645546703700097,0.188602333300768
"OXCT1",0.793565616245165,-0.645472852840367,0.514736468156735,-0.0112137083320856
"PAK6",0.717536618194002,-0.0673173736185583,0.273116562882257,-0.527178771243297
"PARD6B",-0.0132366561141688,0.333080988270717,-0.383933235985751,-0.181724988813483
"PARPBP",0.0664168545421655,0.261441247911814,0.0730665118094913,-0.398214471548115
"PBK",0.935407799962448,-0.0795815797009322,0.399781054851654,-0.721247789220661
"PBX1",-1.49695538260071,0.14733180086133,-0.115773620438835,0.841015154309931
"PCCA",-0.765326729931321,0.0475254699063159,0.985601241471661,-0.112912648501316
"PCDH7",-0.215871385870101,-0.7189185543894,-1.14304483474134,1.6360168068306
"PCLAF",0.5981345511931,0.0511719421343347,0.215426080075889,-0.56218360182718
"PCMTD1",-0.542279141745456,0.100595601999946,-0.133678216663009,0.298281707548311
"PCOLCE",-0.0223384002887012,-0.602551262856394,-1.02214154040402,1.30540756040617
"PDE1A",-0.558607954413516,-0.558884856587797,-1.31383266138789,1.75574274894583
"PDE4B",0.0526179705342256,-0.770530027396533,0.268488919143956,0.748251579230765
"PDE4D",0.36078594011535,-0.601769740313089,0.394143239941577,0.278658937233064
"PDE5A",0.196800219799593,-0.807304750365615,0.181456899776312,0.748674200002866
"PDGFC",-0.587971527252517,-0.48830788688719,-0.898624562432316,1.46021525152208
"PDK3",0.0841736759340871,0.234665958421122,-0.26814980237927,-0.188969817636264
"PDLIM3",-0.51155254572838,-0.594461923104716,-1.34143045728871,1.78388885245722
"PDSS1",0.0326055609257809,0.287529196218944,0.0522768095269355,-0.396660472317965
"PEG3",-0.419625358339425,-0.616395395651722,-1.24416765200243,1.69805484169409
"PFDN4",-0.618484698187991,0.511406378021405,-0.469362142347815,0.0362944125273691
"PGGT1B",0.227311896356491,-0.0559736409902873,0.100574345705318,-0.132944213076554
"PHLDB2",-0.195614795711245,-0.832147482893294,-0.647899028365085,1.48656620950913
"PIGU",-0.539880780325995,0.495360423175069,-0.37399436248349,-0.0471003646676111
"PIK3AP1",1.15570745690381,-0.868556163181195,-0.196823112584859,0.419587846895831
"PIP5K1B",0.0371423886788491,0.133990245425716,0.201035856030144,-0.296322981963483
"PKP2",0.342595156639104,-0.116335172237376,0.3143909106554,-0.251604618620747
"PLA2G12B",-2.58293260843125,2.24428720809117,-2.21987507581231,0.163869040889101
"PLA2G4A",1.35054250135047,-1.22060663881687,0.638150887634586,0.259509720050113
"PLAAT4",1.82448096970867,-0.944042086237767,-0.18229801875362,0.0760463234058438
"PLAGL1",-1.27745805527876,0.56376431151504,-0.130883577055994,0.206736563880227
"PLAGL2",-1.12672329855679,0.789272062727018,-0.696284884352641,0.150359206120592
"PLCB4",-2.09755228171562,0.921511468191414,-0.0918247198309684,0.276586598011552
"PLCL2",0.440130850438902,-1.05058685755268,0.713075492338978,0.593755565648286
"PLN",-0.450617054922763,-0.818321488393929,-1.52919825376254,2.11878757482963
"PM20D2",-0.773812276742189,0.541016542027227,-0.454392380548174,0.091387111639598
"PNLIPRP2",-1.47011536717298,1.13816587254351,-0.358516166361799,-0.238014227052893
"PNMA2",1.02689011457815,-1.34341447601266,0.31196677661302,0.794157624653074
"POFUT1",-1.12127915431249,0.749033202055701,-0.665192760419919,0.178296084467249
"POLE2",0.430869069083974,0.132438472409018,0.10897177495164,-0.494826645227428
"POLR3G",0.566884567083084,0.00298484891039319,0.0690644145738081,-0.403340166761439
"PPP1CB",-0.0767393542271923,0.0597844131484267,-0.0469665709792865,0.00271340443712847
"PPP1R14C",-1.66070377494687,0.789024267865359,-0.0113240065852712,0.113391536779102
"PPP1R14D",-1.36392187678048,0.791110153888645,0.228206149614121,-0.210606864120327
"PPP1R3C",-0.639258540240133,-0.461811968827468,-1.18767352749776,1.62043028770235
"PPP1R3D",-0.881000561134611,0.547526203833498,-0.548923351774666,0.204064375007327
"PPP3R1",0.106166463565595,0.00947343766669153,-0.0512844077229935,-0.050865495542406
"PPP4R1",0.506903504655161,-0.407537861678544,0.163340239590007,0.0783678099720142
"PRAP1",-2.03972289807218,1.2526840854038,-0.678487119288526,0.163680156338577
"PRC1",0.490803862495801,0.0512935064825936,0.168880397953517,-0.468180363804117
"PRELID3B",-0.423277298621582,0.50529609576095,-0.434412526915045,-0.100142513672182
"PRELP",-1.00737350897974,-0.901902851139419,-1.65531925081915,2.64441785238315
"PREP",0.000480684027491298,0.0257275107542105,0.30451954240592,-0.199367869289681
"PRF1",1.36194518925655,-0.744304397853515,-0.733875990724968,0.434368406042289
"PRICKLE1",-0.737629932917213,-0.63706841457969,-1.16785648595071,1.88376731187824
"PRKCI",0.0118153998726072,0.074128185459365,-0.0327227776461076,-0.0789485153925246
"PROSER1",-0.717760246432443,0.512842865503313,-0.353638719435587,0.0340442681846093
"PROX1",-1.0081541956249,0.368872842601089,-0.65055681189957,0.556869383393641
"PRPF39",-0.00535022616119477,0.059966160999915,0.00908898334752414,-0.0739744891232844
"PRR11",0.0292498880947269,0.19628121271877,-0.22579485828911,-0.130974056630469
"PRR15",-1.13541806645879,0.748556307373699,0.0151710574486819,-0.18748184302658
"PRR15L",-0.0459534105708984,0.185517002427403,0.278048323109956,-0.34799069514334
"PSIP1",0.190168150798306,-0.00187762198563777,-0.155201668020135,-0.0334195631706601
"PSMA7",-0.386848108216186,0.431456286566164,-0.45407978193498,-0.0234139143743637
"PTCH1",-1.12355134521782,0.393732664086032,-0.28935148888591,0.401195878127345
"PTGER2",0.575712270305565,-1.18807937611074,1.33442422303834,0.330390123952057
"PTGER4",-0.157872504843047,-0.261614663605799,0.499829147726885,0.140685800074799
"PTGIS",-0.983517264745139,-0.693916777046317,-1.74303867972698,2.42657846448406
"PTPRO",-2.67701260694498,1.20863097269352,-0.926066378772948,0.759990042916417
"PTTG1",0.543412822340596,0.0378071811501661,0.23735649038173,-0.523244565505675
"PURA",0.0607559718509937,-0.101896888821715,-0.078053929619198,0.127285120807718
"QPRT",-2.39967081938243,1.48763740368774,-1.20672003797243,0.401176608174579
"QSOX1",0.828101431826311,-0.667928699347315,0.508852334841512,-0.00289687479637695
"RAB26",0.864661520647122,-0.943466056767365,1.8645404263763,-0.441640447142579
"RAB31",0.159040810547142,-0.807270312778738,-1.30572388684576,1.59323407385055
"RAB32",-1.33094909798654,0.411841526405001,0.104478697509326,0.294360197531955
"RABAC1",0.134819502762564,-0.348126356393502,0.26944275953265,0.18548888000492
"RACGAP1",0.239195749412368,0.0791077958000199,-0.00229811684917924,-0.246797391294573
"RAD18",0.10149846652541,0.214600484918614,-0.105304606658425,-0.265650513666788
"RAD51AP1",0.252913417228786,0.186720918322249,-0.0573203962875318,-0.355069104117615
"RAMP1",2.03636870385556,-1.97646417796442,0.383307836081467,0.874844821728397
"RAP1GDS1",-0.148892113768241,0.0740017445221724,0.117064150124334,-0.0589166674328584
"RAP2A",-0.454197098126745,0.131485620221131,-0.14535727452156,0.211253999998285
"RARRES1",1.73330796010277,-1.04387254078007,-0.172282693944551,0.249167750638416
"RARRES2",-0.340338450534721,-0.397488949390127,-0.832247418363152,1.15601149163301
"RASAL1",0.713044579175264,-0.632229514203045,1.0018916370904,-0.244605445209734
"RASD1",-0.686737219586565,-0.794523214133965,1.80977842794644,0.398499869306798
"RASL11A",-0.697938784737091,0.319600562562304,0.237844994816644,-0.0717128306589914
"RAVER2",-0.0651374716251932,0.0966233282279826,0.331635983489156,-0.258032724094475
"RBMS1",-0.481976435977506,-0.0954204868546144,-1.38396174673114,1.18619548459288
"RBMS3",-0.546769001856534,-0.396297045660772,-0.928047855903142,1.3391168561008
"RBP2",-2.89349091038034,1.81135494434927,-0.828287342760858,0.116715733585709
"RDX",-0.496386810010051,-0.0966617700792242,-1.08824918474292,1.03373465151192
"REG4",3.01706237672097,-2.2602864688198,4.23413543695116,-1.5328205017884
"RETNLB",-2.05941439271152,-0.224388403403343,2.89562000346019,-0.0130055058994074
"RHBDL2",-0.0114599220605763,-0.63500183932076,1.42371257983956,-0.0118044256236464
"RHOF",1.42013962623781,-0.643220307340052,-0.201879816149457,-0.0182688024174598
"RIIAD1",-1.21667418787259,0.957043159542937,-0.496604317345427,-0.104909276925276
"RIMS3",0.175979668949831,-0.603786168955441,1.12206623003914,-0.00262647043991793
"RLN2",-1.19750259480351,0.776277722584443,-0.184346953569608,-0.0712541734302347
"RNASE4",0.0102125598006717,-0.15911034539586,0.594139703693706,-0.142286397467472
"RNF114",-0.487517255699506,0.391846258558969,-0.243310493656513,-0.0276752386420306
"RNF125",1.00710147979003,-0.986197909005677,0.886920670611723,0.0584420244584664
"RNF144B",0.560705983643978,-0.723852638540047,-0.0333435835438961,0.534319965110013
"RNF183",0.339015165730343,-0.298789052003635,0.984546254857164,-0.398858752537888
"RNF186",-0.51891458231325,-0.0701898041103685,1.01658391245702,-0.14513033388463
"RNF19B",0.623176399502924,-0.364629091541205,0.0609755368820932,0.00888435251808916
"RNF43",-1.52117823407946,0.784835857108545,-0.0369045386660911,0.0435522396664904
"RNLS",-2.11303377966428,0.647374811362275,-0.254271118789438,0.706942911266914
"ROBO2",-1.71931977205519,0.195343211924158,0.0801991427046371,0.816800589048319
"RORC",-0.327724567626343,0.0325414671902278,0.662622746226678,-0.195793475524049
"RPL22L1",1.1883445992955,-0.482934370449864,0.560391977211955,-0.484411853676303
"RPS6KA2",-0.15297363089455,-0.522711209296505,0.116911874912776,0.663941879252497
"RRM2",0.604610005173146,0.0154006068627332,0.09198862753468,-0.455038771601852
"RUBCNL",-2.45940697435158,1.19196999299742,-0.7139381932822,0.524244495279645
"RUNX1T1",-0.700369074382801,-0.500304901679318,-1.32177784230324,1.7798601693693
"S100A13",0.499113342705879,-0.564536432245146,0.387465025571904,0.149163375150723
"S100A16",0.922332424108006,-0.541038309793267,0.460299906166216,-0.189365775927353
"S1PR3",-0.38237925195254,-0.41336386176416,-0.877641464524456,1.22703499156065
"SAMD12",-0.580846402059796,0.231038632808668,0.138402453414145,0.015340242592292
"SAMD4B",-0.0144321317314397,-0.0502426266809533,-0.242100250939953,0.203416909858769
"SAMD9L",1.06768515056264,-1.00989309607524,0.0673611970844482,0.500562204271492
"SAPCD2",0.0284078030144416,0.244207504511756,0.21863415392626,-0.433481154362026
"SAR1A",0.214097273684065,-0.134390250907887,-0.00112612072141027,0.0262371431090823
"SARS1",-0.00186306526501326,0.080972296003524,0.0916181344881815,-0.147084613949364
"SATB2-AS1",-3.27383990485093,1.56395164095498,0.27535856715019,0.0490342666177461
"SBNO1",0.0525442485733612,-0.0678538273849581,-0.136852200473794,0.123877605774035
"SBSPON",-0.0308700963566668,-0.186180611591089,0.608810622291888,-0.0915017851166808
"SCG5",0.314187827204392,-0.773615032838861,0.706308307792447,0.343555807634473
"SCGB2A1",-0.74675657902556,-0.250881497660768,2.13853651483023,-0.400715003695998
"SCNN1A",-0.316247482177494,-0.203332128823632,0.821543455722048,-0.00612042629110017
"SDC2",-0.21859258317258,-0.513069924586343,-0.949256473510737,1.28239702501333
"SDR16C5",1.7497509579064,-1.52461992499933,1.9942857042117,-0.376457469437204
"SEC24D",0.525824405193935,-0.550071838551024,0.161600349979008,0.239281284604621
"SECTM1",1.78832252235702,-1.10462058177873,-0.17023193821111,0.286257403794082
"SEMA3C",-1.52861873421056,0.345191594714442,0.196663729294594,0.450038658592291
"SEMA5A",-2.17902992576769,0.683982783204882,0.0633638246223157,0.529615000709462
"SERPINA1",0.633132520967168,-0.683348592894661,1.13733700819539,-0.206660104058817
"SERPINB5",1.80902686060118,-1.15554065217189,0.517106688223941,-0.0447165898858138
"SERPINF1",-0.190172888027735,-0.660815759003823,-1.08417129086232,1.51701691887738
"SERPING1",0.29421599074971,-0.878181943359586,-1.24973253434417,1.56169285304216
"SESTD1",-0.0235998608571705,-0.12381764012924,-0.224668771278966,0.288445350718774
"SFRP2",0.355327163715834,-1.75145129572599,-2.63627197987752,3.34164118964506
"SFRP4",-0.991945319074892,-0.694714966222992,-2.20827382450729,2.68959977285541
"SFXN1",0.644100418979515,-0.124666685666526,0.018558685916218,-0.270671128532828
"SGCE",-0.440840546056946,-0.570461132685227,-0.777713540250157,1.39879677207031
"SGK2",-1.53795140017544,0.949164080153969,-0.0323736079522944,-0.146574626720917
"SGPL1",0.157353671871166,-0.194833759930947,0.0267403988530887,0.120010078838524
"SHROOM2",-1.97612016161003,0.989157184436567,-0.670726840034897,0.436874171553936
"SIDT2",0.0610480229559561,-0.404851387995946,0.261223012599879,0.305546274261201
"SIRPA",0.162295457477876,-0.266648139943112,-1.66253173100735,1.13554229761331
"SKA1",0.777882497008525,-0.104321230091925,0.262374819402527,-0.515088974202786
"SKP2",0.216613154187055,0.129991218437678,-0.118211119446788,-0.22985027884933
"SLC13A3",-2.67088910280243,1.64612617579013,-2.63899154177977,1.17313437647127
"SLC18A1",-0.277385320302329,-0.551866024704204,1.98075775707495,-0.24983395941238
"SLC19A3",-2.26235029732965,1.39624997333268,-1.20483889342897,0.422832887200626
"SLC1A1",1.03569421782901,-0.538530428496021,0.440888432195068,-0.253999756813692
"SLC1A7",-2.3599589273449,1.18601342914084,-0.876550854791686,0.557709786642007
"SLC26A2",-1.5792471903994,0.906369388557605,-0.721780990948677,0.311780699243154
"SLC26A3",-3.07486522186779,1.86814071361813,-1.10613747655373,0.317182112164804
"SLC27A2",0.140100648471514,0.0321342150712052,0.624677744852294,-0.47280701523627
"SLC35G1",0.117925048303716,0.145294764882804,0.0171079301551427,-0.260022656793075
"SLC5A3",0.101572336813873,-0.113486889253897,0.0537254503507444,0.0425291616282019
"SLC5A6",-0.744073559847856,0.700071852193725,-0.513170702481177,-0.0871180251688346
"SLC7A11",1.12982834852021,-0.172471813746807,0.0190513408763638,-0.523108014500255
"SLC7A8",-0.957220102115771,0.118116178189394,0.289620859798805,0.308295582611454
"SLC9A7",1.12871538718224,-0.343005737415072,-0.433190739114368,-0.0670683457763442
"SLIT2",-0.92772636643276,-1.22030857150677,-1.15629581237684,2.70256795792319
"SLITRK6",-0.96699794622969,-1.04304914035728,3.36991673831477,0.0164660036109631
"SMC2",0.172264130697962,0.0213950499573931,0.0846660155508062,-0.182426531559791
"SNAI2",0.086915922047801,-0.499279371505204,-1.07801096551961,1.14189685838316
"SOWAHA",-0.557255513812822,0.678285169235192,-0.56848329829896,-0.149483487755558
"SPARCL1",-0.260146922715934,-0.652137739608463,-1.18012291337046,1.60412088174029
"SPATA18",0.6007492407257,-0.897542709812292,0.885636945906174,0.21137733639676
"SPATA2",-0.515693684250374,0.382834187844534,-0.215722915870894,-0.0140447159307761
"SPC25",0.25821436168494,0.244191928500771,-0.0892154553529856,-0.410215031139676
"SPDEF",1.18631798334509,-1.29657764029273,2.32523654798972,-0.474843105154275
"SPIN3",-2.03221752872759,0.770749712023199,-0.454441945218449,0.616926051177367
"SPIN4",-0.202688363558814,0.234412839430908,0.0782047466425846,-0.196758296569833
"SPINK4",0.17479296171152,-1.19150144852786,3.89910677593671,-0.824718189937081
"SPOCK1",0.236168546466564,-1.17337101496745,-2.04592031106626,2.39426180659619
"SPON1",0.913684908090326,-1.34681869302693,-0.536349953013806,1.33852009325836
"SRSF6",-0.209271382907394,0.30033706169009,-0.280495158314064,-0.0742191049083185
"SSPN",-0.519283730471622,-0.65054618409194,-0.434532243191191,1.35615108096558
"SSR3",0.300499433946028,-0.152753529065897,0.0728858652115697,-0.0475530984165624
"ST3GAL4",0.126908032557329,-0.764662684677332,1.42949459410001,0.053223512268828
"ST6GALNAC1",-0.19711602744581,-0.49984075676387,1.93335388313634,-0.337675487437877
"STAT1",0.899791349883461,-0.437725948044379,-0.438400882328223,0.196161459515891
"STIL",0.483660919235626,0.0411292226607287,0.0251636584210549,-0.372064425300739
"STING1",0.314506033228312,-0.543530946886697,0.390381129380254,0.23996977435264
"STMN3",-0.155361690898318,0.143140172902439,-1.11161916296936,0.539661787501492
"STON1",-0.429165938864922,-0.721389314317892,-1.12081727883007,1.7628024941865
"STRN3",0.29911421763927,-0.173043899867888,0.0604969683553888,-0.0153457939529899
"STT3A",0.229120334361238,-0.0787535617388508,0.0452039799217452,-0.0760556966748628
"SULF1",0.0307007172569884,-0.913411825253209,-1.50408937073869,1.91265105332507
"SYK",-0.379783176244853,0.129889780759582,0.0767981620381353,0.0431405462529026
"SYMPK",-0.0722933127014754,0.0105453256960479,0.0698617227714668,-0.00515336823199551
"TAGLN",-0.279105343108027,-0.729824648524025,-1.33461770661556,1.79521361557546
"TBC1D9",-0.387725615303048,-0.0339876432484552,-1.22338049502568,0.963330321283217
"TBX3",-0.163716051759524,-0.00989505438438263,0.523239695972304,-0.172302112915597
"TCEA3",-0.317037497289721,-0.0772925898402972,0.954624149355962,-0.231156967083624
"TCEAL7",-0.503861953598765,-0.398795982424246,-0.970900627714804,1.33840398516768
"TCN1",1.73789836119633,-1.69669432710951,2.26744742315311,-0.311930241508587
"TENT5A",0.739770296206466,-0.642516237661717,0.434765325832345,0.063657676724931
"TFAP2A",1.87887741013391,-1.3377401354913,1.23319161008054,-0.26446183126105
"TFDP1",0.00116872482011094,0.256852411055452,-0.159196179039309,-0.222907480395996
"TFF1",0.973762902395246,-1.04153505200156,2.22596979411831,-0.592289778625874
"TFF3",-0.333781998647323,-0.375430748141117,1.4495861544211,-0.133735700373209
"TGFB1I1",-0.209525250939702,-0.533490236877393,-0.546932211850845,1.07928589043816
"TGM2",0.111249632472268,0.0533380938422295,-1.4955608440535,0.689793862746245
"THBS1",-0.462155395483799,-0.405165962569489,-0.955589377886898,1.31103839836458
"THBS2",-0.0120939822269522,-0.912880322596695,-2.10200638298791,2.26919489965136
"THY1",-0.13611497387587,-0.504330097891717,-1.08744689723766,1.29547692409366
"TIFA",0.445744270870096,-0.214227781499887,0.177423851294873,-0.123692354459266
"TIMP2",0.113266897678097,-0.784150344553143,-1.1614649720933,1.51494013813131
"TIMP3",-0.331272438286021,-0.366568768845422,-1.52712839007351,1.49629314686405
"TINAG",-1.85960865690241,1.24156739775362,-0.267683567390316,-0.16445385139438
"TIPIN",0.588400012388471,-0.00946437769329369,0.0743535480650463,-0.404958750998695
"TK1",0.72645252980706,-0.0804470152905706,0.33715872719689,-0.552353996600375
"TM9SF4",-0.594941465196105,0.402861297663902,-0.393965841516472,0.110680177660516
"TMEM106B",-0.237927052245049,0.135870854276687,-0.0514573832392266,0.0161892654716204
"TMEM176A",-1.40363733205504,0.637385234966034,-0.38770638148108,0.340072742169116
"TMEM47",-0.526486012304654,-0.407101369378461,-1.01142028998166,1.38521599295134
"TNC",0.470819678612999,-0.850840543229955,-1.6475804366841,1.63553592916047
"TNFAIP6",0.634403557894781,-0.958170906191803,-1.54532625324664,1.60430123957262
"TNFAIP8",0.431408753618429,-0.647914889159765,0.496405617653113,0.232878251593138
"TNNT1",3.35899661860203,-1.56344612734334,0.715750259150895,-0.650787142535687
"TNRC6B",0.214926184120434,-0.247107338549021,0.11929799082859,0.0953053306803545
"TNS1",-0.289759887232793,-0.665182240436486,-1.57836402471653,1.85847450774304
"TOM1L1",0.0656162129377044,0.107590158959023,0.242522694623894,-0.305514435065365
"TOP1MT",-0.632715803543831,0.456794198810511,-0.0976542591920751,-0.0937960843356491
"TOX",0.0837923811924187,-0.91912126518511,1.38730279975795,0.29042208390662
"TOX-DT",NA,NA,NA,NA
"TP53RK",-0.789843639226368,0.646632762587549,-0.59398645255281,0.0511635819299509
"TPBG",0.641812692108398,-0.811589501528399,0.11161199729086,0.508493303201202
"TPM2",-0.343172167667231,-0.348310995417844,-1.1865027070227,1.29391769840798
"TPX2",-0.146593786713314,0.479114309911915,-0.418760484941709,-0.253684414953562
"TRDV3",NA,NA,NA,NA
"TRIB2",1.2459952282722,-1.08899270687497,-0.163658068245204,0.609736624465918
"TRIM13",-0.354747253266419,0.10357261512092,0.00910681628208254,0.096278399851146
"TRNP1",2.04767017918311,-1.2281400841299,0.166604440024733,0.0840459858366646
"TRPM4",-0.39582256951303,-0.0869981179495966,0.786363586623317,-0.0763505421291786
"TSPAN6",-1.17747072049988,0.797230474302002,-0.290343269576656,-0.0508402054515763
"TTI1",-0.503531507517257,0.42630908657887,-0.495409234210476,0.0800366415922906
"TTK",0.164529329034755,0.194320345589554,-0.0420348578803402,-0.316291274368684
"TUBB2A",0.611057091974834,-0.679238579283991,0.237687759414747,0.298820342164459
"TWSG1",0.441702801016391,-0.613814435316725,0.0568401979314032,0.4276744913924
"TYMS",1.02928411031835,-0.252087790822429,0.430760036928468,-0.59002910182621
"UBE2C",-0.150954388349067,0.517399241227267,-0.376114212536417,-0.320637581307379
"UGT8",0.541453624709516,-0.149515058594949,0.565721988181489,-0.477083338524367
"ULBP2",1.66737009048173,-1.03240011285447,0.115264756333567,0.118738661195081
"USP18",1.15886171396954,-0.718170614748305,0.220514824663431,0.00582043493583799
"USP28",0.114709973668187,-0.0339383013559147,0.0635183812074645,-0.0672616574042723
"VANGL2",-2.12816825972128,0.591486204925715,-0.280523548807501,0.798533531495299
"VAV2",-0.0228841308071064,0.3403355820965,-1.02962545490926,0.171917873279382
"VAV3",-2.97049526352464,1.32714994962752,-0.247371330208113,0.429719152468016
"VCAN",-0.235791782637133,-0.63621135250434,-1.45653570345149,1.72186608867802
"VSIG2",-0.779714268984916,-0.771110786960728,2.80408743282667,-0.11902784156484
"WARS1",1.11828764769775,-0.545159987007286,-0.191778779178118,0.0503702941274684
"WWTR1",0.517007365575685,-0.662041286804287,-1.45978663560567,1.27459982567899
"ZBTB20",-0.20333721009754,-0.157465657101122,-0.224349913230744,0.443539137828816
"ZBTB7C",0.536782667042847,-1.18434812540111,2.19371735308005,-0.123371468983945
"ZC3HAV1",0.109722764735444,-0.0772653672823762,-0.061945608222017,0.0574326358217119
"ZCCHC24",-0.689672485826611,-0.000370195460156391,-1.51002170885811,1.27352569553888
"ZFPM2",-0.219669535728359,-0.797361020978644,-1.31502944274586,1.82799976652279
"ZMYND8",-0.844739560896873,0.40510579758491,-0.369310409080974,0.253722258841929
"ZNF148",-0.110097334393639,0.0499920417782797,-0.0837097058229715,0.0560839488693148
"ZNF232",0.771925197155309,-0.392995080717636,0.262619500384445,-0.163024149255417
"ZNF367",0.315859300982071,0.0933682892653743,0.101509474277468,-0.370187544168821
"ZNF514",-0.554719086353492,0.346204001761104,-0.179403975290025,0.0350216082945283
"ZNF521",-0.397971066049418,-0.646167214455692,-0.939074640613184,1.55184522336808
"ZNF573",-0.419229329732096,0.0125053022206064,-0.150099603476512,0.335160368205059
"ZNF652",0.0273913575933341,0.00437098628673042,0.0467953353914203,-0.0485672414405166
"ZNF704",-1.3366012221643,0.330623756066956,0.0530862298542275,0.424341774828564
"ZWINT",0.45150317329335,0.103842661467655,0.158505770392566,-0.500806695985377
