"sample_id","CMS1","CMS2","CMS3","CMS4","nearestCMS","predictedCMS"
"TCGA.F4.6461",0.32,0.05,0.1,0.53,"CMS4","CMS4"
"TCGA.A6.6653",0.63,0.02,0.31,0.04,"CMS1","CMS1"
"TCGA.A6.A56B",0.24,0.33,0.02,0.41,"CMS4",NA
"TCGA.D5.6532",0.07,0.8,0.13,0,"CMS2","CMS2"
"TCGA.AD.6963",0.07,0.74,0.19,0,"CMS2","CMS2"
"TCGA.A6.6138",0.15,0.33,0.05,0.47,"CMS4",NA
"TCGA.AA.3655",0.22,0.16,0.56,0.06,"CMS3","CMS3"
"TCGA.DM.A1D7",0.09,0.55,0.36,0,"CMS2","CMS2"
"TCGA.AY.6386",0.09,0.14,0.77,0,"CMS3","CMS3"
"TCGA.DM.A280",0.29,0.13,0.54,0.04,"CMS3","CMS3"
"TCGA.AD.6965",0.12,0.49,0.38,0.01,"CMS2",NA
"TCGA.A6.4105",0.22,0.34,0.09,0.35,"CMS4",NA
"TCGA.AD.A5EK",0.07,0.56,0.36,0.01,"CMS2","CMS2"
"TCGA.D5.5538",0.21,0.07,0.02,0.7,"CMS4","CMS4"
"TCGA.CM.4743",0.64,0.03,0.32,0.01,"CMS1","CMS1"
"TCGA.CM.6166",0.07,0.77,0.06,0.1,"CMS2","CMS2"
"TCGA.D5.6922",0,0.11,0.03,0.86,"CMS4","CMS4"
"TCGA.CM.5862",0.1,0.58,0.04,0.28,"CMS2","CMS2"
"TCGA.DM.A1D9",0.03,0.46,0.5,0.01,"CMS3","CMS3"
"TCGA.AZ.6605",0.05,0.03,0.01,0.91,"CMS4","CMS4"
"TCGA.CM.6161",0.08,0.61,0.18,0.13,"CMS2","CMS2"
"TCGA.DM.A0XF",0.14,0.73,0.11,0.02,"CMS2","CMS2"
"TCGA.D5.6924",0.05,0.06,0.03,0.86,"CMS4","CMS4"
"TCGA.G4.6626",0.09,0.59,0.32,0,"CMS2","CMS2"
"TCGA.CM.5860",0.21,0.06,0.02,0.71,"CMS4","CMS4"
"TCGA.DM.A28G",0.04,0.25,0.71,0,"CMS3","CMS3"
"TCGA.AA.A01Z",0.09,0.43,0.47,0.01,"CMS3",NA
"TCGA.AZ.5407",0.17,0.03,0.8,0,"CMS3","CMS3"
"TCGA.AA.3495",0.04,0.51,0.45,0,"CMS2","CMS2"
"TCGA.AD.6548",0.34,0.16,0.17,0.33,"CMS1",NA
"TCGA.D5.6529",0.13,0.08,0.03,0.76,"CMS4","CMS4"
"TCGA.CM.4747",0.23,0.4,0.21,0.16,"CMS2",NA
"TCGA.AA.3697",0.02,0.65,0.33,0,"CMS2","CMS2"
"TCGA.G4.6303",0.12,0.38,0.08,0.42,"CMS4",NA
"TCGA.DM.A0X9",0.05,0.31,0.64,0,"CMS3","CMS3"
"TCGA.F4.6857",0.04,0,0.02,0.94,"CMS4","CMS4"
"TCGA.DM.A282",0,0.79,0.17,0.04,"CMS2","CMS2"
"TCGA.CM.6680",0.32,0.13,0.26,0.29,"CMS1",NA
"TCGA.CK.4947",0.15,0.42,0.19,0.24,"CMS2",NA
"TCGA.CA.5796",0.26,0.04,0.7,0,"CMS3","CMS3"
"TCGA.D5.6540",0.77,0.02,0.16,0.05,"CMS1","CMS1"
"TCGA.NH.A50V",0.35,0.11,0.06,0.48,"CMS4",NA
"TCGA.AA.3506",0.11,0.43,0.39,0.07,"CMS2",NA
"TCGA.A6.2684",0.13,0.01,0,0.86,"CMS4","CMS4"
"TCGA.CM.6165",0.04,0.19,0.06,0.71,"CMS4","CMS4"
"TCGA.F4.6808",0.02,0.66,0.32,0,"CMS2","CMS2"
"TCGA.CM.6172",0.09,0.36,0.46,0.09,"CMS3",NA
"TCGA.D5.6536",0.35,0.11,0.11,0.43,"CMS4",NA
"TCGA.AA.3713",0.43,0.04,0.52,0.01,"CMS3","CMS3"
"TCGA.A6.A566",0.13,0.01,0,0.86,"CMS4","CMS4"
"TCGA.CM.6164",0.05,0.66,0.07,0.22,"CMS2","CMS2"
"TCGA.D5.6530",0.29,0.04,0.65,0.02,"CMS3","CMS3"
"TCGA.AA.3496",0.21,0.27,0.04,0.48,"CMS4",NA
"TCGA.CK.4948",0.07,0.21,0.02,0.7,"CMS4","CMS4"
"TCGA.AY.5543",0.08,0.38,0.54,0,"CMS3","CMS3"
"TCGA.A6.6781",0.27,0,0.01,0.72,"CMS4","CMS4"
"TCGA.AD.A5EJ",0.64,0.02,0.32,0.02,"CMS1","CMS1"
"TCGA.DM.A28H",0.09,0.62,0.28,0.01,"CMS2","CMS2"
"TCGA.DM.A285",0.26,0.17,0.13,0.44,"CMS4",NA
"TCGA.CA.5797",0.08,0.68,0.04,0.2,"CMS2","CMS2"
"TCGA.A6.5661",0.54,0.05,0.41,0,"CMS1","CMS1"
"TCGA.AA.3663",0.28,0.03,0.69,0,"CMS3","CMS3"
"TCGA.AZ.4313",0.37,0.05,0.57,0.01,"CMS3","CMS3"
"TCGA.DM.A0XD",0.41,0.21,0.15,0.23,"CMS1",NA
"TCGA.G4.6586",0.43,0.13,0.44,0,"CMS3",NA
"TCGA.AZ.4616",0.62,0.07,0.18,0.13,"CMS1","CMS1"
"TCGA.CM.5349",0.16,0.14,0.02,0.68,"CMS4","CMS4"
"TCGA.F4.6569",0.08,0,0.01,0.91,"CMS4","CMS4"
"TCGA.QG.A5YW",0.13,0.31,0.51,0.05,"CMS3","CMS3"
"TCGA.AZ.4323",0.21,0.01,0,0.78,"CMS4","CMS4"
"TCGA.AU.3779",0.11,0.57,0.09,0.23,"CMS2","CMS2"
"TCGA.CM.6168",0.2,0,0.01,0.79,"CMS4","CMS4"
"TCGA.G4.6321",0.35,0.01,0.63,0.01,"CMS3","CMS3"
"TCGA.DM.A28M",0.11,0.31,0.58,0,"CMS3","CMS3"
"TCGA.A6.5664",0.14,0.03,0.04,0.79,"CMS4","CMS4"
"TCGA.G4.6628",0.6,0.17,0.17,0.06,"CMS1","CMS1"
"TCGA.A6.5667",0.06,0.43,0.03,0.48,"CMS4",NA
"TCGA.AZ.6599",0.17,0.03,0.78,0.02,"CMS3","CMS3"
"TCGA.QG.A5YV",0.02,0.52,0.46,0,"CMS2","CMS2"
"TCGA.A6.5656",0.05,0.77,0.14,0.04,"CMS2","CMS2"
"TCGA.AA.3511",0.19,0.24,0.07,0.5,"CMS4","CMS4"
"TCGA.AZ.6607",0.21,0.01,0.01,0.77,"CMS4","CMS4"
"TCGA.A6.6648",0.06,0.46,0.48,0,"CMS3",NA
"TCGA.CM.5344",0.08,0.05,0,0.87,"CMS4","CMS4"
"TCGA.AZ.6606",0.2,0.13,0.67,0,"CMS3","CMS3"
"TCGA.AA.3660",0.07,0.5,0.39,0.04,"CMS2","CMS2"
"TCGA.CM.6163",0.17,0.4,0.09,0.34,"CMS2",NA
"TCGA.AD.6901",0.08,0.01,0.02,0.89,"CMS4","CMS4"
"TCGA.AZ.6600",0.31,0.04,0.06,0.59,"CMS4","CMS4"
"TCGA.A6.5660",0.08,0.62,0.03,0.27,"CMS2","CMS2"
"TCGA.D5.5539",0.46,0.08,0.1,0.36,"CMS1",NA
"TCGA.F4.6703",0.24,0,0,0.76,"CMS4","CMS4"
"TCGA.AZ.4684",0.21,0.41,0.04,0.34,"CMS2",NA
"TCGA.D5.6927",0.73,0.03,0.05,0.19,"CMS1","CMS1"
"TCGA.QG.A5Z2",0.21,0.07,0.72,0,"CMS3","CMS3"
"TCGA.CM.5861",0.59,0.07,0.32,0.02,"CMS1","CMS1"
"TCGA.AD.5900",0.6,0.04,0.07,0.29,"CMS1","CMS1"
"TCGA.CK.5914",0.11,0.58,0.27,0.04,"CMS2","CMS2"
"TCGA.D5.6533",0.01,0.86,0.12,0.01,"CMS2","CMS2"
"TCGA.DM.A1D0",0.08,0.52,0.4,0,"CMS2","CMS2"
"TCGA.A6.A567",0.06,0.6,0.17,0.17,"CMS2","CMS2"
"TCGA.F4.6805",0.19,0,0,0.81,"CMS4","CMS4"
"TCGA.QG.A5YX",0.19,0.2,0.61,0,"CMS3","CMS3"
"TCGA.G4.6322",0.15,0.06,0.79,0,"CMS3","CMS3"
"TCGA.F4.6809",0.12,0,0,0.88,"CMS4","CMS4"
"TCGA.AZ.6608",0.06,0.5,0.44,0,"CMS2","CMS2"
"TCGA.CA.5255",0.33,0.07,0.6,0,"CMS3","CMS3"
"TCGA.CK.6746",0.7,0.05,0.23,0.02,"CMS1","CMS1"
"TCGA.CM.6170",0.19,0.45,0.01,0.35,"CMS2",NA
"TCGA.AD.6890",0.19,0.54,0.24,0.03,"CMS2","CMS2"
"TCGA.CA.5254",0.45,0.13,0.06,0.36,"CMS1",NA
"TCGA.AZ.5403",0.09,0.16,0.05,0.7,"CMS4","CMS4"
"TCGA.AY.6197",0.43,0.13,0.43,0.01,"CMS1,CMS3",NA
"TCGA.G4.6314",0.08,0,0.02,0.9,"CMS4","CMS4"
"TCGA.AD.6888",0.06,0.49,0.45,0,"CMS2",NA
"TCGA.F4.6806",0.08,0.25,0.62,0.05,"CMS3","CMS3"
"TCGA.G4.6625",0.19,0.29,0.12,0.4,"CMS4",NA
"TCGA.A6.6137",0.04,0.38,0.56,0.02,"CMS3","CMS3"
"TCGA.D5.5537",0.13,0.47,0.15,0.25,"CMS2",NA
"TCGA.A6.6782",0.01,0.02,0.01,0.96,"CMS4","CMS4"
"TCGA.AY.6196",0.18,0,0.01,0.81,"CMS4","CMS4"
"TCGA.D5.5540",0.09,0.68,0.17,0.06,"CMS2","CMS2"
"TCGA.CM.6679",0.02,0.04,0.01,0.93,"CMS4","CMS4"
"TCGA.CM.6167",0.03,0,0.01,0.96,"CMS4","CMS4"
"TCGA.G4.6320",0.24,0.05,0.71,0,"CMS3","CMS3"
"TCGA.AZ.4315",0.38,0.27,0.33,0.02,"CMS1",NA
"TCGA.CM.5864",0.03,0.6,0.37,0,"CMS2","CMS2"
"TCGA.CK.6751",0.31,0.14,0.39,0.16,"CMS3",NA
"TCGA.A6.6140",0.03,0.55,0.42,0,"CMS2","CMS2"
"TCGA.D5.6930",0.61,0.01,0.09,0.29,"CMS1","CMS1"
"TCGA.AA.3492",0.46,0.17,0.33,0.04,"CMS1",NA
"TCGA.DM.A1DB",0.08,0.63,0.27,0.02,"CMS2","CMS2"
"TCGA.CM.6171",0.47,0.04,0.46,0.03,"CMS1",NA
"TCGA.A6.6654",0.02,0,0.01,0.97,"CMS4","CMS4"
"TCGA.CM.6675",0.63,0.13,0.16,0.08,"CMS1","CMS1"
"TCGA.G4.6323",0.08,0.16,0.75,0.01,"CMS3","CMS3"
"TCGA.CK.5913",0.8,0.03,0.1,0.07,"CMS1","CMS1"
"TCGA.D5.6541",0.13,0.05,0.01,0.81,"CMS4","CMS4"
"TCGA.AY.A54L",0.09,0.3,0.61,0,"CMS3","CMS3"
"TCGA.CK.4951",0.64,0.03,0.03,0.3,"CMS1","CMS1"
"TCGA.A6.A565",0.54,0.02,0.11,0.33,"CMS1","CMS1"
"TCGA.CK.5916",0.65,0.02,0.11,0.22,"CMS1","CMS1"
"TCGA.D5.6537",0.05,0.65,0.29,0.01,"CMS2","CMS2"
"TCGA.F4.6854",0.07,0.46,0.09,0.38,"CMS2",NA
"TCGA.CM.5348",0.16,0.01,0,0.83,"CMS4","CMS4"
"TCGA.G4.6307",0.02,0.66,0.32,0,"CMS2","CMS2"
"TCGA.CM.5863",0.47,0.03,0.05,0.45,"CMS1",NA
"TCGA.F4.6570",0.62,0.01,0.03,0.34,"CMS1","CMS1"
"TCGA.AA.3489",0.03,0,0.01,0.96,"CMS4","CMS4"
"TCGA.D5.6535",0.35,0.25,0.36,0.04,"CMS3",NA
"TCGA.CM.6162",0.2,0,0.02,0.78,"CMS4","CMS4"
"TCGA.AZ.6598",0.54,0.02,0.41,0.03,"CMS1","CMS1"
"TCGA.CM.6676",0.02,0.56,0.02,0.4,"CMS2","CMS2"
"TCGA.D5.6538",0.09,0.3,0.59,0.02,"CMS3","CMS3"
"TCGA.A6.A5ZU",0.09,0.07,0.02,0.82,"CMS4","CMS4"
"TCGA.CM.4751",0.59,0.1,0.15,0.16,"CMS1","CMS1"
"TCGA.CK.6747",0.09,0.28,0.6,0.03,"CMS3","CMS3"
"TCGA.G4.6294",0.06,0.69,0.25,0,"CMS2","CMS2"
"TCGA.CM.6677",0.09,0.43,0.07,0.41,"CMS2",NA
"TCGA.G4.6299",0.58,0.02,0,0.4,"CMS1","CMS1"
"TCGA.D5.6926",0.01,0.03,0.01,0.95,"CMS4","CMS4"
"TCGA.AD.6889",0.39,0.03,0.58,0,"CMS3","CMS3"
"TCGA.F4.6855",0.15,0.04,0.03,0.78,"CMS4","CMS4"
"TCGA.DM.A1D6",0.23,0.04,0.73,0,"CMS3","CMS3"
"TCGA.DM.A1HB",0.56,0.03,0.38,0.03,"CMS1","CMS1"
"TCGA.A6.2675",0.14,0.05,0.02,0.79,"CMS4","CMS4"
"TCGA.CK.5915",0.06,0.6,0.33,0.01,"CMS2","CMS2"
"TCGA.AM.5820",0.24,0.29,0.09,0.38,"CMS4",NA
"TCGA.AA.3662",0.25,0.37,0.31,0.07,"CMS2",NA
"TCGA.G4.6588",0.78,0,0.19,0.03,"CMS1","CMS1"
"TCGA.A6.6652",0.07,0.74,0.18,0.01,"CMS2","CMS2"
"TCGA.D5.6539",0.19,0.09,0.72,0,"CMS3","CMS3"
"TCGA.D5.6920",0.1,0.3,0.55,0.05,"CMS3","CMS3"
"TCGA.A6.6141",0.12,0.1,0.75,0.03,"CMS3","CMS3"
"TCGA.F4.6807",0.13,0,0.02,0.85,"CMS4","CMS4"
"TCGA.G4.6627",0.1,0.03,0.03,0.84,"CMS4","CMS4"
"TCGA.CA.6715",0.01,0.86,0.12,0.01,"CMS2","CMS2"
"TCGA.CK.5912",0.05,0.68,0.22,0.05,"CMS2","CMS2"
"TCGA.F4.6856",0.21,0.02,0.76,0.01,"CMS3","CMS3"
"TCGA.AA.A02K",0.11,0.62,0.27,0,"CMS2","CMS2"
"TCGA.CM.6678",0.1,0.53,0.33,0.04,"CMS2","CMS2"
"TCGA.A6.5659",0.03,0.54,0.03,0.4,"CMS2","CMS2"
"TCGA.AD.6899",0.05,0.01,0.03,0.91,"CMS4","CMS4"
"TCGA.AA.A01P",0.55,0,0.01,0.44,"CMS1","CMS1"
"TCGA.CA.6719",0.04,0.04,0.01,0.91,"CMS4","CMS4"
"TCGA.AA.3509",0.07,0.63,0.3,0,"CMS2","CMS2"
"TCGA.AD.6964",0.3,0.02,0.02,0.66,"CMS4","CMS4"
"TCGA.CM.6169",0.06,0.03,0.01,0.9,"CMS4","CMS4"
"TCGA.A6.5665",0.44,0.06,0.5,0,"CMS3","CMS3"
"TCGA.CA.6717",0.23,0.01,0,0.76,"CMS4","CMS4"
"TCGA.A6.6651",0.02,0.01,0.01,0.96,"CMS4","CMS4"
"TCGA.G4.6297",0.15,0.03,0.04,0.78,"CMS4","CMS4"
"TCGA.DM.A1DA",0.24,0.2,0.56,0,"CMS3","CMS3"
"TCGA.CA.6718",0.71,0.05,0.03,0.21,"CMS1","CMS1"
"TCGA.A6.6780",0.53,0.13,0.31,0.03,"CMS1","CMS1"
"TCGA.QG.A5Z1",0.09,0.34,0.07,0.5,"CMS4","CMS4"
"TCGA.AZ.4614",0.38,0.25,0.35,0.02,"CMS1",NA
"TCGA.CK.4952",0.26,0.03,0.7,0.01,"CMS3","CMS3"
"TCGA.G4.6315",0.03,0.47,0.5,0,"CMS3","CMS3"
"TCGA.CK.4950",0.3,0.08,0.62,0,"CMS3","CMS3"
"TCGA.AZ.4615",0.77,0.02,0.06,0.15,"CMS1","CMS1"
"TCGA.G4.6306",0.04,0.42,0.54,0,"CMS3","CMS3"
"TCGA.AM.5821",0.78,0.02,0.05,0.15,"CMS1","CMS1"
"TCGA.A6.6649",0.43,0.03,0.11,0.43,"CMS1,CMS4",NA
"TCGA.AD.6895",0.72,0.05,0.14,0.09,"CMS1","CMS1"
"TCGA.D5.6531",0.39,0.26,0.05,0.3,"CMS1",NA
"TCGA.G4.6298",0.16,0.48,0.1,0.26,"CMS2",NA
"TCGA.DM.A1D4",0.07,0.27,0.66,0,"CMS3","CMS3"
"TCGA.D5.5541",0.08,0.29,0.05,0.58,"CMS4","CMS4"
"TCGA.D5.6928",0.54,0.01,0.02,0.43,"CMS1","CMS1"
"TCGA.AZ.6603",0.06,0.43,0.07,0.44,"CMS4",NA
"TCGA.AA.3502",0.15,0.06,0.79,0,"CMS3","CMS3"
"TCGA.A6.6142",0.04,0.01,0.01,0.94,"CMS4","CMS4"
"TCGA.G4.6295",0.27,0.53,0.18,0.02,"CMS2","CMS2"
"TCGA.A6.6650",0.03,0.58,0.39,0,"CMS2","CMS2"
"TCGA.DM.A288",0.27,0.23,0.49,0.01,"CMS3",NA
"TCGA.F4.6704",0.1,0,0.01,0.89,"CMS4","CMS4"
"TCGA.AA.A01X",0.06,0.53,0.28,0.13,"CMS2","CMS2"
"TCGA.G4.6309",0.23,0.04,0.71,0.02,"CMS3","CMS3"
"TCGA.CK.6748",0.1,0.04,0.01,0.85,"CMS4","CMS4"
"TCGA.F4.6463",0.09,0.03,0.04,0.84,"CMS4","CMS4"
"TCGA.G4.6302",0.19,0,0,0.81,"CMS4","CMS4"
"TCGA.CA.6716",0.12,0.6,0.12,0.16,"CMS2","CMS2"
"TCGA.G4.6293",0.06,0.42,0.52,0,"CMS3","CMS3"
"TCGA.G4.6311",0.22,0.14,0.03,0.61,"CMS4","CMS4"
"TCGA.DM.A1D8",0.1,0.52,0.35,0.03,"CMS2","CMS2"
"TCGA.F4.6459",0.03,0.01,0.01,0.95,"CMS4","CMS4"
"TCGA.D5.6932",0.16,0.32,0.06,0.46,"CMS4",NA
"TCGA.CA.5256",0.05,0.71,0.21,0.03,"CMS2","CMS2"
"TCGA.AA.3712",0.21,0.45,0.09,0.25,"CMS2",NA
"TCGA.AU.6004",0.8,0,0.04,0.16,"CMS1","CMS1"
"TCGA.D5.6898",0.1,0.21,0.08,0.61,"CMS4","CMS4"
"TCGA.NH.A50T",0.04,0.69,0.27,0,"CMS2","CMS2"
"TCGA.A6.2685",0.08,0.02,0.04,0.86,"CMS4","CMS4"
"TCGA.D5.6931",0.43,0.08,0.33,0.16,"CMS1",NA
"TCGA.CM.6674",0.68,0.01,0.09,0.22,"CMS1","CMS1"
"TCGA.F4.6460",0.07,0.05,0.09,0.79,"CMS4","CMS4"
"TCGA.A6.2682",0.19,0.03,0.05,0.73,"CMS4","CMS4"
"TCGA.G4.6304",0.13,0.29,0.58,0,"CMS3","CMS3"
"TCGA.CM.5868",0.13,0.25,0.04,0.58,"CMS4","CMS4"
"TCGA.D5.6929",0.07,0.1,0.01,0.82,"CMS4","CMS4"
"TCGA.AZ.6601",0.66,0.03,0.05,0.26,"CMS1","CMS1"
"TCGA.G4.6317",0.05,0.55,0.4,0,"CMS2","CMS2"
"TCGA.D5.6534",0.16,0.01,0,0.83,"CMS4","CMS4"
"TCGA.A6.5666",0.1,0.57,0.31,0.02,"CMS2","CMS2"
"TCGA.DM.A1HA",0.39,0.33,0.27,0.01,"CMS1",NA
"TCGA.A6.5662",0.06,0.42,0.06,0.46,"CMS4",NA
"TCGA.G4.6310",0.09,0.3,0.06,0.55,"CMS4","CMS4"
"TCGA.CI.6621",0.14,0.51,0.17,0.18,"CMS2","CMS2"
"TCGA.CI.6623",0.09,0.69,0.21,0.01,"CMS2","CMS2"
"TCGA.DC.5869",0.07,0.61,0.06,0.26,"CMS2","CMS2"
"TCGA.DC.6160",0.1,0.2,0.7,0,"CMS3","CMS3"
"TCGA.EI.6512",0.21,0.16,0.61,0.02,"CMS3","CMS3"
"TCGA.G5.6572",0.11,0.17,0.02,0.7,"CMS4","CMS4"
"TCGA.AG.3742",0.1,0.64,0.03,0.23,"CMS2","CMS2"
"TCGA.AH.6549",0.15,0.38,0.17,0.3,"CMS2",NA
"TCGA.AF.2690",0.04,0.02,0.01,0.93,"CMS4","CMS4"
"TCGA.AF.5654",0.04,0.72,0.24,0,"CMS2","CMS2"
"TCGA.EF.5830",0.11,0.63,0.24,0.02,"CMS2","CMS2"
"TCGA.F5.6814",0.53,0.17,0.06,0.24,"CMS1","CMS1"
"TCGA.F5.6465",0.03,0.02,0.01,0.94,"CMS4","CMS4"
"TCGA.EI.6506",0.14,0.47,0.36,0.03,"CMS2",NA
"TCGA.G5.6235",0.03,0.46,0.51,0,"CMS3","CMS3"
"TCGA.AG.3591",0.08,0.08,0.84,0,"CMS3","CMS3"
"TCGA.DC.6154",0.13,0.5,0.08,0.29,"CMS2","CMS2"
"TCGA.F5.6861",0.07,0.48,0.43,0.02,"CMS2",NA
"TCGA.EI.6513",0.11,0.68,0.1,0.11,"CMS2","CMS2"
"TCGA.DY.A1DE",0.19,0.54,0.09,0.18,"CMS2","CMS2"
"TCGA.EI.6511",0.23,0.26,0.06,0.45,"CMS4",NA
"TCGA.DC.6155",0.21,0.34,0.44,0.01,"CMS3",NA
"TCGA.AH.6903",0.07,0.36,0.57,0,"CMS3","CMS3"
"TCGA.F5.6702",0.05,0.02,0.02,0.91,"CMS4","CMS4"
"TCGA.EI.7004",0.13,0,0.01,0.86,"CMS4","CMS4"
"TCGA.CI.6619",0.12,0.42,0.41,0.05,"CMS2",NA
"TCGA.AG.4022",0.11,0.09,0.02,0.78,"CMS4","CMS4"
"TCGA.AH.6544",0.13,0.22,0.65,0,"CMS3","CMS3"
"TCGA.AF.2693",0.11,0.5,0.37,0.02,"CMS2","CMS2"
"TCGA.AG.4021",0.21,0.02,0.01,0.76,"CMS4","CMS4"
"TCGA.EI.6510",0.09,0.2,0.71,0,"CMS3","CMS3"
"TCGA.EF.5831",0.14,0.43,0.11,0.32,"CMS2",NA
"TCGA.EI.7002",0.03,0.43,0.04,0.5,"CMS4","CMS4"
"TCGA.DT.5265",0.33,0.01,0,0.66,"CMS4","CMS4"
"TCGA.CI.6622",0.03,0.44,0.52,0.01,"CMS3","CMS3"
"TCGA.DY.A0XA",0.1,0.72,0.05,0.13,"CMS2","CMS2"
"TCGA.AF.6672",0.14,0.11,0.74,0.01,"CMS3","CMS3"
"TCGA.DC.5337",0.1,0.48,0.38,0.04,"CMS2",NA
"TCGA.CL.4957",0.06,0.59,0.35,0,"CMS2","CMS2"
"TCGA.F5.6811",0.06,0.03,0.01,0.9,"CMS4","CMS4"
"TCGA.EI.6514",0.07,0.27,0.03,0.63,"CMS4","CMS4"
"TCGA.DC.6682",0.1,0.65,0.24,0.01,"CMS2","CMS2"
"TCGA.EI.6885",0.02,0.11,0.02,0.85,"CMS4","CMS4"
"TCGA.F5.6813",0.07,0.13,0.03,0.77,"CMS4","CMS4"
"TCGA.BM.6198",0.47,0.07,0.14,0.32,"CMS1",NA
"TCGA.AF.6136",0.2,0.14,0.66,0,"CMS3","CMS3"
"TCGA.DY.A1H8",0.09,0.48,0.43,0,"CMS2",NA
"TCGA.CL.5917",0.07,0.71,0.03,0.19,"CMS2","CMS2"
"TCGA.CI.6624",0.13,0.25,0.07,0.55,"CMS4","CMS4"
"TCGA.AG.3725",0.01,0.22,0.77,0,"CMS3","CMS3"
"TCGA.CI.6620",0.21,0.4,0.32,0.07,"CMS2",NA
"TCGA.EI.6508",0.03,0.54,0.41,0.02,"CMS2","CMS2"
"TCGA.DC.6158",0.06,0.02,0.01,0.91,"CMS4","CMS4"
"TCGA.F5.6464",0.16,0.01,0,0.83,"CMS4","CMS4"
"TCGA.AH.6897",0.06,0.62,0.31,0.01,"CMS2","CMS2"
"TCGA.EI.6882",0.27,0.06,0.67,0,"CMS3","CMS3"
"TCGA.EI.6884",0.23,0.29,0.27,0.21,"CMS2",NA
"TCGA.AG.3592",0.06,0.68,0.24,0.02,"CMS2","CMS2"
"TCGA.CL.5918",0.01,0.74,0.25,0,"CMS2","CMS2"
"TCGA.EI.6883",0.19,0.6,0.07,0.14,"CMS2","CMS2"
"TCGA.AF.4110",0.08,0.17,0.04,0.71,"CMS4","CMS4"
"TCGA.F5.6864",0.02,0.01,0.01,0.96,"CMS4","CMS4"
"TCGA.F5.6812",0.05,0,0.01,0.94,"CMS4","CMS4"
"TCGA.DY.A1DD",0.08,0.55,0.04,0.33,"CMS2","CMS2"
"TCGA.AH.6644",0.08,0.1,0.02,0.8,"CMS4","CMS4"
"TCGA.DC.4749",0.09,0.71,0.18,0.02,"CMS2","CMS2"
"TCGA.DC.6683",0.11,0.59,0.02,0.28,"CMS2","CMS2"
"TCGA.DY.A1DC",0.14,0.6,0.05,0.21,"CMS2","CMS2"
"TCGA.EI.6507",0.58,0.02,0.16,0.24,"CMS1","CMS1"
"TCGA.AF.3911",0.12,0.46,0.13,0.29,"CMS2",NA
"TCGA.DC.6157",0.01,0.91,0.02,0.06,"CMS2","CMS2"
"TCGA.EI.6509",0.23,0.19,0.1,0.48,"CMS4",NA
"TCGA.AH.6547",0.17,0.08,0.05,0.7,"CMS4","CMS4"
"TCGA.AF.2687",0,0.02,0.01,0.97,"CMS4","CMS4"
"TCGA.G5.6233",0.3,0.18,0.48,0.04,"CMS3",NA
"TCGA.F5.6810",0.03,0.04,0.02,0.91,"CMS4","CMS4"
"TCGA.EI.6917",0.28,0.02,0.01,0.69,"CMS4","CMS4"
"TCGA.AH.6643",0.39,0.23,0.14,0.24,"CMS1",NA
"TCGA.DC.6156",0.02,0.02,0.01,0.95,"CMS4","CMS4"
"TCGA.AG.3732",0.08,0.12,0.73,0.07,"CMS3","CMS3"
"TCGA.AF.6655",0.17,0.09,0.03,0.71,"CMS4","CMS4"
"TCGA.F5.6571",0.05,0.01,0.04,0.9,"CMS4","CMS4"
"TCGA.DY.A1DF",0.3,0.22,0.14,0.34,"CMS4",NA
"TCGA.F5.6863",0.03,0.46,0.01,0.5,"CMS4","CMS4"
"TCGA.AA.A01I",0.12,0.5,0.32,0.06,"CMS2","CMS2"
"TCGA.AA.3684",0.22,0.01,0.02,0.75,"CMS4","CMS4"
"TCGA.AA.A004",0.24,0.29,0.38,0.09,"CMS3",NA
"TCGA.AA.3680",0.14,0.19,0.63,0.04,"CMS3","CMS3"
"TCGA.A6.2670",0.04,0.07,0.01,0.88,"CMS4","CMS4"
"TCGA.AA.3870",0.29,0,0.01,0.7,"CMS4","CMS4"
"TCGA.AA.3560",0.14,0.27,0.49,0.1,"CMS3",NA
"TCGA.AA.3811",0.6,0.09,0.23,0.08,"CMS1","CMS1"
"TCGA.AA.A00O",0.08,0.16,0.04,0.72,"CMS4","CMS4"
"TCGA.AA.3862",0.31,0.28,0.29,0.12,"CMS1",NA
"TCGA.AA.3519",0.05,0.66,0.29,0,"CMS2","CMS2"
"TCGA.AA.3977",0.61,0.06,0.21,0.12,"CMS1","CMS1"
"TCGA.AA.3517",0.05,0.62,0.16,0.17,"CMS2","CMS2"
"TCGA.AA.A024",0.15,0.01,0.83,0.01,"CMS3","CMS3"
"TCGA.AA.3525",0.48,0.03,0.48,0.01,"CMS1,CMS3",NA
"TCGA.AA.A01D",0.17,0.03,0.01,0.79,"CMS4","CMS4"
"TCGA.AA.A01Q",0.34,0.05,0.61,0,"CMS3","CMS3"
"TCGA.AA.3833",0.39,0.02,0.02,0.57,"CMS4","CMS4"
"TCGA.AA.3548",0.22,0.39,0.16,0.23,"CMS2",NA
"TCGA.AA.3666",0.45,0.2,0.3,0.05,"CMS1",NA
"TCGA.AA.3976",0.07,0.69,0.11,0.13,"CMS2","CMS2"
"TCGA.AA.3819",0.01,0.71,0.27,0.01,"CMS2","CMS2"
"TCGA.AA.3556",0.23,0.14,0.63,0,"CMS3","CMS3"
"TCGA.CM.4746",0.16,0.06,0.78,0,"CMS3","CMS3"
"TCGA.AA.3543",0.81,0.01,0.16,0.02,"CMS1","CMS1"
"TCGA.AA.3939",0.15,0.26,0.36,0.23,"CMS3",NA
"TCGA.A6.3808",0.16,0.01,0,0.83,"CMS4","CMS4"
"TCGA.A6.2681",0.08,0.05,0.01,0.86,"CMS4","CMS4"
"TCGA.AA.A02E",0.23,0.43,0.32,0.02,"CMS2",NA
"TCGA.AA.3860",0.16,0.11,0.01,0.72,"CMS4","CMS4"
"TCGA.AA.3858",0.35,0.4,0.04,0.21,"CMS2",NA
"TCGA.AA.3555",0.71,0.01,0.06,0.22,"CMS1","CMS1"
"TCGA.A6.2677",0.06,0.63,0.19,0.12,"CMS2","CMS2"
"TCGA.AA.A00R",0.86,0.02,0.04,0.08,"CMS1","CMS1"
"TCGA.AA.3856",0.07,0.56,0.25,0.12,"CMS2","CMS2"
"TCGA.AA.3531",0.03,0.66,0.3,0.01,"CMS2","CMS2"
"TCGA.AA.3973",0.13,0.27,0.08,0.52,"CMS4","CMS4"
"TCGA.CM.4750",0.09,0.72,0.08,0.11,"CMS2","CMS2"
"TCGA.A6.2680",0.11,0.46,0.36,0.07,"CMS2",NA
"TCGA.AA.3875",0.14,0.4,0.13,0.33,"CMS2",NA
"TCGA.AA.3850",0.21,0.32,0.21,0.26,"CMS2",NA
"TCGA.AA.A00U",0.09,0.25,0.65,0.01,"CMS3","CMS3"
"TCGA.AA.3844",0.09,0.53,0.38,0,"CMS2","CMS2"
"TCGA.AA.3867",0.01,0.04,0.03,0.92,"CMS4","CMS4"
"TCGA.AA.3672",0.58,0.06,0.23,0.13,"CMS1","CMS1"
"TCGA.AA.3877",0.54,0.04,0.04,0.38,"CMS1","CMS1"
"TCGA.AA.3664",0.58,0.05,0.36,0.01,"CMS1","CMS1"
"TCGA.AA.3544",0.24,0.24,0.1,0.42,"CMS4",NA
"TCGA.AA.A022",0.77,0.03,0.08,0.12,"CMS1","CMS1"
"TCGA.AA.A03J",0.26,0.29,0.24,0.21,"CMS2",NA
"TCGA.AA.A01R",0.71,0.05,0.2,0.04,"CMS1","CMS1"
"TCGA.AA.3941",0.31,0.18,0.47,0.04,"CMS3",NA
"TCGA.AA.A00F",0.2,0.17,0.04,0.59,"CMS4","CMS4"
"TCGA.AA.A03F",0.29,0.09,0.62,0,"CMS3","CMS3"
"TCGA.AA.3679",0.08,0.8,0.09,0.03,"CMS2","CMS2"
"TCGA.AA.3667",0.08,0.7,0.2,0.02,"CMS2","CMS2"
"TCGA.AA.3861",0.17,0.06,0.77,0,"CMS3","CMS3"
"TCGA.AA.3982",0.15,0.38,0.09,0.38,"CMS2,CMS4",NA
"TCGA.AA.A01V",0.13,0.12,0.74,0.01,"CMS3","CMS3"
"TCGA.A6.2672",0.63,0.02,0.02,0.33,"CMS1","CMS1"
"TCGA.AA.3869",0.26,0.35,0.04,0.35,"CMS2,CMS4",NA
"TCGA.AA.A00J",0.71,0.03,0.06,0.2,"CMS1","CMS1"
"TCGA.AA.3549",0.32,0.3,0.12,0.26,"CMS1",NA
"TCGA.CM.4752",0.16,0.17,0.02,0.65,"CMS4","CMS4"
"TCGA.AA.3538",0.07,0.25,0.04,0.64,"CMS4","CMS4"
"TCGA.AA.3979",0.06,0.66,0.28,0,"CMS2","CMS2"
"TCGA.AA.3521",0.1,0.41,0.12,0.37,"CMS2",NA
"TCGA.AA.3950",0.45,0.06,0.05,0.44,"CMS1",NA
"TCGA.AA.3984",0.34,0.25,0.1,0.31,"CMS1",NA
"TCGA.A6.3810",0.07,0.01,0.01,0.91,"CMS4","CMS4"
"TCGA.AA.A00N",0.27,0.01,0.03,0.69,"CMS4","CMS4"
"TCGA.AA.A00A",0.64,0.1,0.1,0.16,"CMS1","CMS1"
"TCGA.AA.3692",0.13,0.44,0.27,0.16,"CMS2",NA
"TCGA.AA.3947",0.46,0.1,0.1,0.34,"CMS1",NA
"TCGA.A6.2683",0.08,0.44,0.44,0.04,"CMS2,CMS3",NA
"TCGA.AA.A010",0.36,0.22,0.4,0.02,"CMS3",NA
"TCGA.AA.3956",0.11,0.28,0.14,0.47,"CMS4",NA
"TCGA.AA.3851",0.19,0.25,0.4,0.16,"CMS3",NA
"TCGA.AZ.4681",0.07,0.46,0.47,0,"CMS3",NA
"TCGA.AA.3678",0.1,0.67,0.22,0.01,"CMS2","CMS2"
"TCGA.AA.3527",0.21,0.15,0.14,0.5,"CMS4","CMS4"
"TCGA.AA.3975",0.09,0.55,0.18,0.18,"CMS2","CMS2"
"TCGA.AA.3494",0.02,0.9,0.08,0,"CMS2","CMS2"
"TCGA.AA.3715",0.56,0,0.02,0.42,"CMS1","CMS1"
"TCGA.AA.3534",0.09,0.46,0.1,0.35,"CMS2",NA
"TCGA.AA.3846",0.17,0.44,0.27,0.12,"CMS2",NA
"TCGA.AA.3518",0.78,0.05,0.16,0.01,"CMS1","CMS1"
"TCGA.A6.3809",0.81,0.02,0.06,0.11,"CMS1","CMS1"
"TCGA.AA.3542",0.07,0.54,0.35,0.04,"CMS2","CMS2"
"TCGA.AA.3529",0.07,0.56,0.36,0.01,"CMS2","CMS2"
"TCGA.AY.4071",0.1,0.55,0.04,0.31,"CMS2","CMS2"
"TCGA.AA.3831",0.07,0.61,0.29,0.03,"CMS2","CMS2"
"TCGA.AA.A029",0.26,0.08,0.66,0,"CMS3","CMS3"
"TCGA.A6.2674",0.21,0,0.01,0.78,"CMS4","CMS4"
"TCGA.AY.4070",0.14,0.32,0.14,0.4,"CMS4",NA
"TCGA.A6.2671",0.09,0.05,0.01,0.85,"CMS4","CMS4"
"TCGA.AA.A01G",0.1,0.45,0.44,0.01,"CMS2",NA
"TCGA.AA.A017",0.08,0.42,0.05,0.45,"CMS4",NA
"TCGA.AA.A01F",0.12,0.51,0.36,0.01,"CMS2","CMS2"
"TCGA.AA.A00L",0.04,0.85,0.11,0,"CMS2","CMS2"
"TCGA.AA.3814",0.01,0.05,0.03,0.91,"CMS4","CMS4"
"TCGA.AA.3866",0.09,0.1,0.02,0.79,"CMS4","CMS4"
"TCGA.AA.3532",0.2,0.09,0.03,0.68,"CMS4","CMS4"
"TCGA.AA.A01C",0.17,0.14,0.04,0.65,"CMS4","CMS4"
"TCGA.AA.3842",0.37,0.13,0.08,0.42,"CMS4",NA
"TCGA.AA.A00D",0.26,0.07,0.03,0.64,"CMS4","CMS4"
"TCGA.AA.3854",0.21,0.04,0.75,0,"CMS3","CMS3"
"TCGA.AA.3695",0.37,0.1,0.1,0.43,"CMS4",NA
"TCGA.AA.3520",0.18,0.07,0.02,0.73,"CMS4","CMS4"
"TCGA.AA.A00K",0.19,0.2,0.47,0.14,"CMS3",NA
"TCGA.AA.3972",0.22,0.52,0.15,0.11,"CMS2","CMS2"
"TCGA.AA.3864",0.56,0.04,0.24,0.16,"CMS1","CMS1"
"TCGA.AA.3968",0.09,0.25,0,0.66,"CMS4","CMS4"
"TCGA.AA.3516",0.72,0.04,0.18,0.06,"CMS1","CMS1"
"TCGA.A6.2678",0.33,0.26,0.22,0.19,"CMS1",NA
"TCGA.CM.4748",0.32,0.15,0.13,0.4,"CMS4",NA
"TCGA.AA.3952",0.17,0.04,0.01,0.78,"CMS4","CMS4"
"TCGA.AA.3855",0.03,0.65,0.3,0.02,"CMS2","CMS2"
"TCGA.AA.3971",0.07,0.6,0.22,0.11,"CMS2","CMS2"
"TCGA.AA.A01K",0.12,0.01,0.02,0.85,"CMS4","CMS4"
"TCGA.AA.3986",0.13,0.51,0.16,0.2,"CMS2","CMS2"
"TCGA.AA.A02J",0.02,0.68,0.28,0.02,"CMS2","CMS2"
"TCGA.AA.A02H",0.05,0.7,0.15,0.1,"CMS2","CMS2"
"TCGA.AA.3710",0.71,0.01,0.15,0.13,"CMS1","CMS1"
"TCGA.AA.A01S",0.06,0.48,0.46,0,"CMS2",NA
"TCGA.AA.3524",0.19,0.43,0.25,0.13,"CMS2",NA
"TCGA.AZ.4308",0.21,0.14,0.04,0.61,"CMS4","CMS4"
"TCGA.AA.A00E",0.78,0.01,0.17,0.04,"CMS1","CMS1"
"TCGA.AA.3949",0.61,0.02,0.04,0.33,"CMS1","CMS1"
"TCGA.A6.4107",0.14,0.14,0.07,0.65,"CMS4","CMS4"
"TCGA.CM.5341",0.09,0.08,0.02,0.81,"CMS4","CMS4"
"TCGA.AA.3514",0.18,0.16,0.1,0.56,"CMS4","CMS4"
"TCGA.AA.3552",0.1,0.5,0.28,0.12,"CMS2","CMS2"
"TCGA.AA.3812",0.09,0.1,0.06,0.75,"CMS4","CMS4"
"TCGA.AA.3554",0.39,0.04,0.04,0.53,"CMS4","CMS4"
"TCGA.AA.3553",0.11,0.31,0.02,0.56,"CMS4","CMS4"
"TCGA.AA.A02O",0.15,0.15,0.67,0.03,"CMS3","CMS3"
"TCGA.AA.3845",0.67,0,0.16,0.17,"CMS1","CMS1"
"TCGA.AA.A00W",0.06,0.54,0.4,0,"CMS2","CMS2"
"TCGA.AA.3696",0.19,0.39,0.36,0.06,"CMS2",NA
"TCGA.AA.A00Z",0.04,0.84,0.1,0.02,"CMS2","CMS2"
"TCGA.AA.3561",0.15,0.55,0.27,0.03,"CMS2","CMS2"
"TCGA.A6.3807",0.09,0.12,0,0.79,"CMS4","CMS4"
"TCGA.AA.3966",0.55,0,0.01,0.44,"CMS1","CMS1"
"TCGA.AA.3818",0.08,0.22,0.61,0.09,"CMS3","CMS3"
"TCGA.AA.3688",0.02,0.79,0.15,0.04,"CMS2","CMS2"
"TCGA.A6.2676",0.86,0.06,0.04,0.04,"CMS1","CMS1"
"TCGA.AA.3821",0.72,0.03,0.08,0.17,"CMS1","CMS1"
"TCGA.AA.3837",0.2,0.22,0.09,0.49,"CMS4",NA
"TCGA.AA.3562",0.11,0.47,0.16,0.26,"CMS2",NA
"TCGA.AA.3980",0.32,0.42,0.17,0.09,"CMS2",NA
"TCGA.AA.3930",0.69,0.03,0.11,0.17,"CMS1","CMS1"
"TCGA.AA.3994",0.58,0.06,0.17,0.19,"CMS1","CMS1"
"TCGA.AA.3530",0.12,0.34,0.49,0.05,"CMS3",NA
"TCGA.AA.3970",0.07,0.5,0.37,0.06,"CMS2","CMS2"
"TCGA.AA.3872",0.02,0,0.01,0.97,"CMS4","CMS4"
"TCGA.AA.3693",0.04,0.65,0.07,0.24,"CMS2","CMS2"
"TCGA.AA.3852",0.49,0.03,0.02,0.46,"CMS1",NA
"TCGA.AA.A01T",0.04,0.42,0.54,0,"CMS3","CMS3"
"TCGA.AA.A00Q",0.07,0.59,0.08,0.26,"CMS2","CMS2"
"TCGA.AA.A02R",0.74,0,0.06,0.2,"CMS1","CMS1"
"TCGA.AA.3955",0.13,0.67,0.18,0.02,"CMS2","CMS2"
"TCGA.A6.2679",0.14,0.35,0.43,0.08,"CMS3",NA
"TCGA.AA.A02W",0.04,0.69,0.04,0.23,"CMS2","CMS2"
"TCGA.AA.3673",0.17,0.37,0.17,0.29,"CMS2",NA
"TCGA.AA.3989",0.14,0.45,0.04,0.37,"CMS2",NA
"TCGA.AA.A02F",0.2,0.59,0.15,0.06,"CMS2","CMS2"
"TCGA.AA.3522",0.18,0.05,0.77,0,"CMS3","CMS3"
"TCGA.AA.3841",0.1,0.48,0.29,0.13,"CMS2",NA
"TCGA.AA.3488",0.01,0.72,0.27,0,"CMS2","CMS2"
"TCGA.AA.3815",0.71,0.11,0.1,0.08,"CMS1","CMS1"
"TCGA.AA.3681",0.42,0.12,0.44,0.02,"CMS3",NA
"TCGA.AA.3848",0.03,0.53,0.43,0.01,"CMS2","CMS2"
"TCGA.AF.2691",0.21,0.16,0.16,0.47,"CMS4",NA
"TCGA.AG.3611",0.16,0.16,0.66,0.02,"CMS3","CMS3"
"TCGA.AG.3593",0.04,0.62,0.29,0.05,"CMS2","CMS2"
"TCGA.AG.A015",0.06,0.21,0.73,0,"CMS3","CMS3"
"TCGA.AG.3881",0.35,0,0.01,0.64,"CMS4","CMS4"
"TCGA.AG.3605",0.12,0.52,0.35,0.01,"CMS2","CMS2"
"TCGA.AG.A00H",0.07,0.13,0.01,0.79,"CMS4","CMS4"
"TCGA.AF.3400",0.23,0.02,0.01,0.74,"CMS4","CMS4"
"TCGA.AG.3892",0.27,0.11,0.59,0.03,"CMS3","CMS3"
"TCGA.AG.A02G",0.01,0.66,0.3,0.03,"CMS2","CMS2"
"TCGA.AG.3598",0.18,0.57,0.23,0.02,"CMS2","CMS2"
"TCGA.AG.A01Y",0.2,0.17,0.04,0.59,"CMS4","CMS4"
"TCGA.AG.3882",0.16,0.34,0.12,0.38,"CMS4",NA
"TCGA.AG.3726",0.24,0.4,0.18,0.18,"CMS2",NA
"TCGA.AG.A023",0.11,0.12,0.03,0.74,"CMS4","CMS4"
"TCGA.AG.A01N",0.04,0.82,0.03,0.11,"CMS2","CMS2"
"TCGA.AG.A025",0.08,0.66,0.12,0.14,"CMS2","CMS2"
"TCGA.AG.A01L",0.1,0.44,0.45,0.01,"CMS3",NA
"TCGA.AG.3575",0.35,0.03,0,0.62,"CMS4","CMS4"
"TCGA.AG.A020",0.15,0.09,0.76,0,"CMS3","CMS3"
"TCGA.AG.A011",0.19,0.42,0.25,0.14,"CMS2",NA
"TCGA.AG.3999",0.1,0.39,0.02,0.49,"CMS4",NA
"TCGA.AG.3901",0.08,0,0.02,0.9,"CMS4","CMS4"
"TCGA.AG.A01J",0.05,0.55,0.4,0,"CMS2","CMS2"
"TCGA.AG.A014",0.16,0.6,0.22,0.02,"CMS2","CMS2"
"TCGA.AG.3580",0.1,0.58,0.3,0.02,"CMS2","CMS2"
"TCGA.AG.3896",0.15,0.36,0.15,0.34,"CMS2",NA
"TCGA.AG.A032",0.06,0.62,0.26,0.06,"CMS2","CMS2"
"TCGA.AG.4007",0.11,0.44,0.04,0.41,"CMS2",NA
"TCGA.AG.3578",0.24,0.08,0.64,0.04,"CMS3","CMS3"
"TCGA.AG.3583",0.03,0.51,0.46,0,"CMS2","CMS2"
"TCGA.AG.3885",0.23,0.23,0.51,0.03,"CMS3","CMS3"
"TCGA.AG.3599",0.18,0.14,0.65,0.03,"CMS3","CMS3"
"TCGA.AG.4001",0.02,0.02,0.01,0.95,"CMS4","CMS4"
"TCGA.AG.4005",0.26,0.13,0.04,0.57,"CMS4","CMS4"
"TCGA.AG.A02N",0.25,0.07,0.68,0,"CMS3","CMS3"
"TCGA.AF.3913",0.08,0.26,0.05,0.61,"CMS4","CMS4"
"TCGA.AG.3727",0.19,0.3,0.28,0.23,"CMS2",NA
"TCGA.AF.2692",0.18,0.32,0.22,0.28,"CMS2",NA
"TCGA.AG.A02X",0.18,0.08,0.74,0,"CMS3","CMS3"
"TCGA.AG.4015",0.05,0.77,0.13,0.05,"CMS2","CMS2"
"TCGA.AG.3601",0.07,0.55,0.09,0.29,"CMS2","CMS2"
"TCGA.AG.3582",0.11,0.58,0.01,0.3,"CMS2","CMS2"
"TCGA.AG.4008",0.13,0.05,0.01,0.81,"CMS4","CMS4"
"TCGA.AG.3728",0.09,0.08,0.08,0.75,"CMS4","CMS4"
"TCGA.AG.3586",0.09,0.45,0.46,0,"CMS3",NA
"TCGA.AG.3600",0.63,0.17,0.18,0.02,"CMS1","CMS1"
"TCGA.AG.A01W",0.05,0.77,0.17,0.01,"CMS2","CMS2"
"TCGA.AG.3609",0.06,0.05,0.01,0.88,"CMS4","CMS4"
"TCGA.AG.3883",0.16,0.06,0.06,0.72,"CMS4","CMS4"
"TCGA.AG.A002",0.55,0.16,0.24,0.05,"CMS1","CMS1"
"TCGA.AG.A008",0.15,0.06,0.79,0,"CMS3","CMS3"
"TCGA.AG.3574",0.04,0.71,0.06,0.19,"CMS2","CMS2"
"TCGA.AG.A00Y",0.06,0.63,0.28,0.03,"CMS2","CMS2"
"TCGA.AG.3587",0.06,0.67,0.06,0.21,"CMS2","CMS2"
"TCGA.AG.3894",0.08,0.71,0.15,0.06,"CMS2","CMS2"
"TCGA.AG.3612",0.13,0.17,0.01,0.69,"CMS4","CMS4"
"TCGA.AG.3909",0.07,0.55,0.29,0.09,"CMS2","CMS2"
"TCGA.AG.3890",0.1,0.58,0.15,0.17,"CMS2","CMS2"
"TCGA.AG.3602",0.27,0.31,0.24,0.18,"CMS2",NA
"TCGA.AG.3878",0.26,0.08,0.09,0.57,"CMS4","CMS4"
"TCGA.AG.A036",0.09,0.42,0.04,0.45,"CMS4",NA
"TCGA.AG.3584",0.11,0.45,0.12,0.32,"CMS2",NA
"TCGA.AG.3608",0.07,0.5,0.39,0.04,"CMS2","CMS2"
"TCGA.AG.3893",0.08,0.09,0.05,0.78,"CMS4","CMS4"
"TCGA.AG.3898",0.07,0.1,0.04,0.79,"CMS4","CMS4"
"TCGA.AG.A026",0.13,0.34,0.05,0.48,"CMS4",NA
"TCGA.AG.A016",0.14,0.45,0.4,0.01,"CMS2",NA
"TCGA.AG.3887",0.16,0.34,0.41,0.09,"CMS3",NA
"TCGA.AG.3581",0.06,0.54,0.25,0.15,"CMS2","CMS2"
"TCGA.AG.A00C",0.06,0.53,0.41,0,"CMS2","CMS2"
"TCGA.AG.3594",0.24,0.05,0.7,0.01,"CMS3","CMS3"
