sample_id,CMS_SSP,score_max,CMS_SSP_thr,threshold
TCGA-F4-6461,CMS4,0.336255660403854,CMS4,0.15
TCGA-A6-6653,CMS1,0.632766212856422,CMS1,0.15
TCGA-A6-A56B,CMS4,0.3091095394429028,CMS4,0.15
TCGA-D5-6532,CMS2,0.6065686324433848,CMS2,0.15
TCGA-AD-6963,CMS2,0.4173148580464632,CMS2,0.15
TCGA-A6-6138,CMS4,0.21170344034913863,CMS4,0.15
TCGA-AA-3655,CMS3,0.24399699988980506,CMS3,0.15
TCGA-DM-A1D7,CMS2,0.28861860309283927,CMS2,0.15
TCGA-AY-6386,CMS3,0.5601816666152801,CMS3,0.15
TCGA-DM-A280,CMS3,0.38276139189486846,CMS3,0.15
TCGA-AD-6965,CMS2,0.2465386790754669,CMS2,0.15
TCGA-A6-4105,CMS2,0.11018884662583553,UNCLASSIFIED,0.15
TCGA-AD-A5EK,CMS2,0.3832713535483375,CMS2,0.15
TCGA-D5-5538,CMS4,0.21474797242406998,CMS4,0.15
TCGA-CM-4743,CMS1,0.8593414519108239,CMS1,0.15
TCGA-CM-6166,CMS2,0.4912849208392443,CMS2,0.15
TCGA-D5-6922,CMS4,0.41666286395753693,CMS4,0.15
TCGA-CM-5862,CMS2,0.3764672201179632,CMS2,0.15
TCGA-DM-A1D9,CMS3,0.2482800080916053,CMS3,0.15
TCGA-AZ-6605,CMS4,0.5492101613586772,CMS4,0.15
TCGA-CM-6161,CMS2,0.300969693515047,CMS2,0.15
TCGA-DM-A0XF,CMS2,0.3604008959690324,CMS2,0.15
TCGA-D5-6924,CMS4,0.3798952618220175,CMS4,0.15
TCGA-G4-6626,CMS2,0.5811486931856717,CMS2,0.15
TCGA-CM-5860,CMS4,0.33232400195272205,CMS4,0.15
TCGA-DM-A28G,CMS3,0.4162360611844519,CMS3,0.15
TCGA-AA-A01Z,CMS2,0.3049216487774752,CMS2,0.15
TCGA-AZ-5407,CMS3,0.7657649968318745,CMS3,0.15
TCGA-AA-3495,CMS2,0.3352325506267243,CMS2,0.15
TCGA-AD-6548,CMS1,0.06097513260209159,UNCLASSIFIED,0.15
TCGA-D5-6529,CMS4,0.3651218538357355,CMS4,0.15
TCGA-CM-4747,CMS4,0.12033010626679096,UNCLASSIFIED,0.15
TCGA-AA-3697,CMS2,0.3510485406067447,CMS2,0.15
TCGA-G4-6303,CMS4,0.2652603241497616,CMS4,0.15
TCGA-DM-A0X9,CMS2,0.30291023918739113,CMS2,0.15
TCGA-F4-6857,CMS4,0.6389360464489889,CMS4,0.15
TCGA-DM-A282,CMS2,0.40100138196150786,CMS2,0.15
TCGA-CM-6680,CMS3,0.32704171799105564,CMS3,0.15
TCGA-CK-4947,CMS3,0.10333518064862034,UNCLASSIFIED,0.15
TCGA-CA-5796,CMS3,0.8569614143601895,CMS3,0.15
TCGA-D5-6540,CMS1,0.9522487364082711,CMS1,0.15
TCGA-NH-A50V,CMS4,0.2445938463919361,CMS4,0.15
TCGA-AA-3506,CMS3,0.12369958430669932,UNCLASSIFIED,0.15
TCGA-A6-2684,CMS4,0.3457609279589948,CMS4,0.15
TCGA-CM-6165,CMS4,0.2508912784815248,CMS4,0.15
TCGA-F4-6808,CMS2,0.5040264882873813,CMS2,0.15
TCGA-CM-6172,CMS3,0.18372556376864993,CMS3,0.15
TCGA-D5-6536,CMS3,0.15208587254850445,CMS3,0.15
TCGA-AA-3713,CMS1,0.4688985214365035,CMS1,0.15
TCGA-A6-A566,CMS4,0.6334663298498714,CMS4,0.15
TCGA-CM-6164,CMS2,0.3465933348167748,CMS2,0.15
TCGA-D5-6530,CMS3,0.6448542217920609,CMS3,0.15
TCGA-AA-3496,CMS4,0.22383119263877152,CMS4,0.15
TCGA-CK-4948,CMS4,0.14090595832474118,UNCLASSIFIED,0.15
TCGA-AY-5543,CMS3,0.3711446914224999,CMS3,0.15
TCGA-A6-6781,CMS4,0.6543724203090678,CMS4,0.15
TCGA-AD-A5EJ,CMS1,0.6670233907394736,CMS1,0.15
TCGA-DM-A28H,CMS2,0.6541584899696757,CMS2,0.15
TCGA-DM-A285,CMS4,0.11174870719601335,UNCLASSIFIED,0.15
TCGA-CA-5797,CMS2,0.3633513327721335,CMS2,0.15
TCGA-A6-5661,CMS1,0.6273207969391523,CMS1,0.15
TCGA-AA-3663,CMS3,0.630962762490623,CMS3,0.15
TCGA-AZ-4313,CMS3,0.7402796109748699,CMS3,0.15
TCGA-DM-A0XD,CMS1,0.17388561342249248,CMS1,0.15
TCGA-G4-6586,CMS1,0.7409968050724892,CMS1,0.15
TCGA-AZ-4616,CMS1,0.2874537097735867,CMS1,0.15
TCGA-CM-5349,CMS4,0.22549832074958062,CMS4,0.15
TCGA-F4-6569,CMS4,0.8525643902462251,CMS4,0.15
TCGA-QG-A5YW,CMS3,0.2640907677164824,CMS3,0.15
TCGA-AZ-4323,CMS4,0.5113973761063925,CMS4,0.15
TCGA-AU-3779,CMS2,0.23964424165311726,CMS2,0.15
TCGA-CM-6168,CMS4,0.48914919211670793,CMS4,0.15
TCGA-G4-6321,CMS3,0.7343349599150779,CMS3,0.15
TCGA-DM-A28M,CMS3,0.6539188978185947,CMS3,0.15
TCGA-A6-5664,CMS4,0.2950030994127023,CMS4,0.15
TCGA-G4-6628,CMS1,0.7156973100404236,CMS1,0.15
TCGA-A6-5667,CMS2,0.38498594141356307,CMS2,0.15
TCGA-AZ-6599,CMS3,1.160632292388345,CMS3,0.15
TCGA-QG-A5YV,CMS2,0.39535204144805663,CMS2,0.15
TCGA-A6-5656,CMS2,0.6314938933313247,CMS2,0.15
TCGA-AA-3511,CMS4,0.2234541672916486,CMS4,0.15
TCGA-AZ-6607,CMS4,0.9830457777120536,CMS4,0.15
TCGA-A6-6648,CMS2,0.46337493765051435,CMS2,0.15
TCGA-CM-5344,CMS4,0.3492669018161662,CMS4,0.15
TCGA-AZ-6606,CMS3,0.5150472861481612,CMS3,0.15
TCGA-AA-3660,CMS2,0.21079205961208436,CMS2,0.15
TCGA-CM-6163,CMS4,0.10309067856000954,UNCLASSIFIED,0.15
TCGA-AD-6901,CMS4,0.6919039710786824,CMS4,0.15
TCGA-AZ-6600,CMS4,0.21723600797783735,CMS4,0.15
TCGA-A6-5660,CMS2,0.28126693543948017,CMS2,0.15
TCGA-D5-5539,CMS3,0.25458929038658856,CMS3,0.15
TCGA-F4-6703,CMS4,0.9128137047483503,CMS4,0.15
TCGA-AZ-4684,CMS4,0.07961698942240159,UNCLASSIFIED,0.15
TCGA-D5-6927,CMS1,0.41520416876940686,CMS1,0.15
TCGA-QG-A5Z2,CMS3,0.7455309993253662,CMS3,0.15
TCGA-CM-5861,CMS1,0.8291080204757872,CMS1,0.15
TCGA-AD-5900,CMS1,0.6937961829285858,CMS1,0.15
TCGA-CK-5914,CMS2,0.40396366336593,CMS2,0.15
TCGA-D5-6533,CMS2,0.48819556929637986,CMS2,0.15
TCGA-DM-A1D0,CMS2,0.586321543653435,CMS2,0.15
TCGA-A6-A567,CMS4,0.2096276104781641,CMS4,0.15
TCGA-F4-6805,CMS4,0.42785294627579507,CMS4,0.15
TCGA-QG-A5YX,CMS3,0.6312374349877391,CMS3,0.15
TCGA-G4-6322,CMS3,0.6751192285751395,CMS3,0.15
TCGA-F4-6809,CMS4,0.4739846958591395,CMS4,0.15
TCGA-AZ-6608,CMS2,0.6918726014670343,CMS2,0.15
TCGA-CA-5255,CMS3,0.5680961988302076,CMS3,0.15
TCGA-CK-6746,CMS1,1.0089255275205413,CMS1,0.15
TCGA-CM-6170,CMS2,0.26448313864038336,CMS2,0.15
TCGA-AD-6890,CMS2,0.23570164752640183,CMS2,0.15
TCGA-CA-5254,CMS1,0.376267110140685,CMS1,0.15
TCGA-AZ-5403,CMS4,0.261167919675563,CMS4,0.15
TCGA-AY-6197,CMS3,0.3907648577031091,CMS3,0.15
TCGA-G4-6314,CMS4,0.5686387024969275,CMS4,0.15
TCGA-AD-6888,CMS2,0.5667267841080627,CMS2,0.15
TCGA-F4-6806,CMS3,0.22997457378798988,CMS3,0.15
TCGA-G4-6625,CMS4,0.12494059250170635,UNCLASSIFIED,0.15
TCGA-A6-6137,CMS3,0.24456657035789978,CMS3,0.15
TCGA-D5-5537,CMS2,0.2120102849689916,CMS2,0.15
TCGA-A6-6782,CMS4,0.426586256054144,CMS4,0.15
TCGA-AY-6196,CMS4,1.0400617161388461,CMS4,0.15
TCGA-D5-5540,CMS2,0.6208482347673925,CMS2,0.15
TCGA-CM-6679,CMS4,0.532374607917756,CMS4,0.15
TCGA-CM-6167,CMS4,0.9926963004381865,CMS4,0.15
TCGA-G4-6320,CMS3,0.7703672488860323,CMS3,0.15
TCGA-AZ-4315,CMS1,0.3119393939317229,CMS1,0.15
TCGA-CM-5864,CMS2,0.40449997064140525,CMS2,0.15
TCGA-CK-6751,CMS3,0.23794661551996152,CMS3,0.15
TCGA-A6-6140,CMS2,0.6327369392433416,CMS2,0.15
TCGA-D5-6930,CMS1,0.6162373027283733,CMS1,0.15
TCGA-AA-3492,CMS1,0.40624442569491015,CMS1,0.15
TCGA-DM-A1DB,CMS2,0.7801550020501622,CMS2,0.15
TCGA-CM-6171,CMS1,0.5488766942074471,CMS1,0.15
TCGA-A6-6654,CMS4,0.7200167604635989,CMS4,0.15
TCGA-CM-6675,CMS1,0.49081433410049086,CMS1,0.15
TCGA-G4-6323,CMS3,0.6273196974574363,CMS3,0.15
TCGA-CK-5913,CMS1,0.6508256306054329,CMS1,0.15
TCGA-D5-6541,CMS4,0.5323375772184864,CMS4,0.15
TCGA-AY-A54L,CMS3,0.6064329975903157,CMS3,0.15
TCGA-CK-4951,CMS1,0.4981879120075755,CMS1,0.15
TCGA-A6-A565,CMS3,0.21321923249848923,CMS3,0.15
TCGA-CK-5916,CMS1,0.6737849652972052,CMS1,0.15
TCGA-D5-6537,CMS2,0.4682045812882738,CMS2,0.15
TCGA-F4-6854,CMS2,0.19259030776409589,CMS2,0.15
TCGA-CM-5348,CMS4,0.721082218789229,CMS4,0.15
TCGA-G4-6307,CMS2,0.6231196599893863,CMS2,0.15
TCGA-CM-5863,CMS3,0.2621115809781989,CMS3,0.15
TCGA-F4-6570,CMS1,0.6609565510187237,CMS1,0.15
TCGA-AA-3489,CMS4,0.6440631192427577,CMS4,0.15
TCGA-D5-6535,CMS3,0.11224641214846208,UNCLASSIFIED,0.15
TCGA-CM-6162,CMS4,0.5118199110261393,CMS4,0.15
TCGA-AZ-6598,CMS1,0.6666834352355504,CMS1,0.15
TCGA-CM-6676,CMS2,0.3433331967365155,CMS2,0.15
TCGA-D5-6538,CMS2,0.3130689201320969,CMS2,0.15
TCGA-A6-A5ZU,CMS4,0.6588558849008926,CMS4,0.15
TCGA-CM-4751,CMS1,0.2190651035263518,CMS1,0.15
TCGA-CK-6747,CMS3,0.38066695468755585,CMS3,0.15
TCGA-G4-6294,CMS2,0.4960637922407959,CMS2,0.15
TCGA-CM-6677,CMS2,0.16651313757617148,CMS2,0.15
TCGA-G4-6299,CMS1,0.5346086233856783,CMS1,0.15
TCGA-D5-6926,CMS4,0.5347278169447497,CMS4,0.15
TCGA-AD-6889,CMS1,0.6186878532293268,CMS1,0.15
TCGA-F4-6855,CMS4,0.6012598661914942,CMS4,0.15
TCGA-DM-A1D6,CMS3,0.7702485214701952,CMS3,0.15
TCGA-DM-A1HB,CMS1,0.844157282421,CMS1,0.15
TCGA-A6-2675,CMS4,0.514620958552188,CMS4,0.15
TCGA-CK-5915,CMS2,0.7701340428539186,CMS2,0.15
TCGA-AM-5820,CMS4,0.0909314175580278,UNCLASSIFIED,0.15
TCGA-AA-3662,CMS2,0.09107688418910444,UNCLASSIFIED,0.15
TCGA-G4-6588,CMS1,0.8331624466432664,CMS1,0.15
TCGA-A6-6652,CMS2,0.4480219154024351,CMS2,0.15
TCGA-D5-6539,CMS3,0.409210553057373,CMS3,0.15
TCGA-D5-6920,CMS3,0.34815773628066676,CMS3,0.15
TCGA-A6-6141,CMS3,0.4178014452592263,CMS3,0.15
TCGA-F4-6807,CMS4,0.5817238433079028,CMS4,0.15
TCGA-G4-6627,CMS4,0.3573819511720891,CMS4,0.15
TCGA-CA-6715,CMS2,0.6757764271705313,CMS2,0.15
TCGA-CK-5912,CMS2,0.48421579779927615,CMS2,0.15
TCGA-F4-6856,CMS3,0.5929242173689167,CMS3,0.15
TCGA-AA-A02K,CMS2,0.44792925951614665,CMS2,0.15
TCGA-CM-6678,CMS2,0.12415941403768575,UNCLASSIFIED,0.15
TCGA-A6-5659,CMS2,0.3653480150864971,CMS2,0.15
TCGA-AD-6899,CMS4,0.34159989888480036,CMS4,0.15
TCGA-AA-A01P,CMS1,0.8529994587149744,CMS1,0.15
TCGA-CA-6719,CMS4,0.5544011485564788,CMS4,0.15
TCGA-AA-3509,CMS2,0.2837632331087781,CMS2,0.15
TCGA-AD-6964,CMS4,0.4552555255433048,CMS4,0.15
TCGA-CM-6169,CMS4,0.6446933097772717,CMS4,0.15
TCGA-A6-5665,CMS1,0.7562022465607123,CMS1,0.15
TCGA-CA-6717,CMS4,0.41284989582281606,CMS4,0.15
TCGA-A6-6651,CMS4,0.9382457118063033,CMS4,0.15
TCGA-G4-6297,CMS4,0.4691720334090942,CMS4,0.15
TCGA-DM-A1DA,CMS3,0.4010486311117642,CMS3,0.15
TCGA-CA-6718,CMS1,0.7447549224625404,CMS1,0.15
TCGA-A6-6780,CMS1,0.4532941475645778,CMS1,0.15
TCGA-QG-A5Z1,CMS4,0.25316254336528005,CMS4,0.15
TCGA-AZ-4614,CMS1,0.4615343865031657,CMS1,0.15
TCGA-CK-4952,CMS3,0.7428986780049054,CMS3,0.15
TCGA-G4-6315,CMS2,0.48851776441650047,CMS2,0.15
TCGA-CK-4950,CMS3,0.346466584491285,CMS3,0.15
TCGA-AZ-4615,CMS1,0.7579516734379531,CMS1,0.15
TCGA-G4-6306,CMS2,0.49627123093272135,CMS2,0.15
TCGA-AM-5821,CMS1,0.89271603164546,CMS1,0.15
TCGA-A6-6649,CMS1,0.24838061385144708,CMS1,0.15
TCGA-AD-6895,CMS1,0.7863053774231825,CMS1,0.15
TCGA-D5-6531,CMS1,0.14804030070228863,UNCLASSIFIED,0.15
TCGA-G4-6298,CMS2,0.22845606740619406,CMS2,0.15
TCGA-DM-A1D4,CMS3,0.6957635089583643,CMS3,0.15
TCGA-D5-5541,CMS2,0.3492309706450917,CMS2,0.15
TCGA-D5-6928,CMS1,0.5368330912323067,CMS1,0.15
TCGA-AZ-6603,CMS2,0.2690815880541471,CMS2,0.15
TCGA-AA-3502,CMS3,0.9909332253180663,CMS3,0.15
TCGA-A6-6142,CMS4,0.6655917206843345,CMS4,0.15
TCGA-G4-6295,CMS2,0.31871368549855156,CMS2,0.15
TCGA-A6-6650,CMS2,0.5490700600805059,CMS2,0.15
TCGA-DM-A288,CMS3,0.2961976703574147,CMS3,0.15
TCGA-F4-6704,CMS4,0.6842787454561993,CMS4,0.15
TCGA-AA-A01X,CMS4,0.12802286288926296,UNCLASSIFIED,0.15
TCGA-G4-6309,CMS3,0.4988745010052401,CMS3,0.15
TCGA-CK-6748,CMS4,0.6533526653056246,CMS4,0.15
TCGA-F4-6463,CMS4,0.34669428004896796,CMS4,0.15
TCGA-G4-6302,CMS4,1.027877426140768,CMS4,0.15
TCGA-CA-6716,CMS4,0.24350743911714798,CMS4,0.15
TCGA-G4-6293,CMS3,0.16871352932513836,CMS3,0.15
TCGA-G4-6311,CMS4,0.23066249844043638,CMS4,0.15
TCGA-DM-A1D8,CMS2,0.15209724757477341,CMS2,0.15
TCGA-F4-6459,CMS4,0.5526734262099646,CMS4,0.15
TCGA-D5-6932,CMS4,0.14715785190082437,UNCLASSIFIED,0.15
TCGA-CA-5256,CMS2,0.56085109458304,CMS2,0.15
TCGA-AA-3712,CMS2,0.20376817568087915,CMS2,0.15
TCGA-AU-6004,CMS1,0.5405731052377121,CMS1,0.15
TCGA-D5-6898,CMS4,0.3010929299200007,CMS4,0.15
TCGA-NH-A50T,CMS2,0.6070613016772901,CMS2,0.15
TCGA-A6-2685,CMS4,0.6420284653022088,CMS4,0.15
TCGA-D5-6931,CMS1,0.23979669655813513,CMS1,0.15
TCGA-CM-6674,CMS1,0.5687719097546484,CMS1,0.15
TCGA-F4-6460,CMS4,0.45272033606606227,CMS4,0.15
TCGA-A6-2682,CMS4,0.18270249664666885,CMS4,0.15
TCGA-G4-6304,CMS3,0.5119675024102418,CMS3,0.15
TCGA-CM-5868,CMS2,0.16821081712963495,CMS2,0.15
TCGA-D5-6929,CMS4,0.3238163178132979,CMS4,0.15
TCGA-AZ-6601,CMS1,0.5741266437311333,CMS1,0.15
TCGA-G4-6317,CMS2,0.7278720603972397,CMS2,0.15
TCGA-D5-6534,CMS4,1.0402207793946607,CMS4,0.15
TCGA-A6-5666,CMS2,0.55203896762874,CMS2,0.15
TCGA-DM-A1HA,CMS1,0.3637315570543282,CMS1,0.15
TCGA-A6-5662,CMS4,0.27724396323481093,CMS4,0.15
TCGA-G4-6310,CMS4,0.6030466591370647,CMS4,0.15
TCGA-CI-6621,CMS2,0.11678510594739731,UNCLASSIFIED,0.15
TCGA-CI-6623,CMS2,0.37784271937298136,CMS2,0.15
TCGA-DC-5869,CMS2,0.3716505263658224,CMS2,0.15
TCGA-DC-6160,CMS2,0.29549274099346023,CMS2,0.15
TCGA-EI-6512,CMS3,0.20372429982288967,CMS3,0.15
TCGA-G5-6572,CMS4,0.4941692013952719,CMS4,0.15
TCGA-AG-3742,CMS2,0.33642215220923044,CMS2,0.15
TCGA-AH-6549,CMS4,0.09464541599408223,UNCLASSIFIED,0.15
TCGA-AF-2690,CMS4,0.8306350716838002,CMS4,0.15
TCGA-AF-5654,CMS2,0.46910378786017204,CMS2,0.15
TCGA-EF-5830,CMS2,0.3964092446030595,CMS2,0.15
TCGA-F5-6814,CMS1,0.22440325202740824,CMS1,0.15
TCGA-F5-6465,CMS4,0.5713762996409038,CMS4,0.15
TCGA-EI-6506,CMS3,0.24437926587828468,CMS3,0.15
TCGA-G5-6235,CMS3,0.4418495593398801,CMS3,0.15
TCGA-AG-3591,CMS3,0.702680481058149,CMS3,0.15
TCGA-DC-6154,CMS2,0.3634999268861909,CMS2,0.15
TCGA-F5-6861,CMS2,0.15445013862901677,CMS2,0.15
TCGA-EI-6513,CMS2,0.38782966504525684,CMS2,0.15
TCGA-DY-A1DE,CMS2,0.16486667216348633,CMS2,0.15
TCGA-EI-6511,CMS2,0.20097731405251856,CMS2,0.15
TCGA-DC-6155,CMS3,0.2269206678122523,CMS3,0.15
TCGA-AH-6903,CMS3,0.3862086237860906,CMS3,0.15
TCGA-F5-6702,CMS4,0.9029699417760141,CMS4,0.15
TCGA-EI-7004,CMS4,0.781242931372314,CMS4,0.15
TCGA-CI-6619,CMS3,0.15007743016238867,CMS3,0.15
TCGA-AG-4022,CMS4,0.3569382327257911,CMS4,0.15
TCGA-AH-6544,CMS3,0.4100822764601574,CMS3,0.15
TCGA-AF-2693,CMS3,0.13429910605795498,UNCLASSIFIED,0.15
TCGA-AG-4021,CMS4,0.22340316120491285,CMS4,0.15
TCGA-EI-6510,CMS3,0.7972879148636084,CMS3,0.15
TCGA-EF-5831,CMS2,0.22256359757666505,CMS2,0.15
TCGA-EI-7002,CMS4,0.33216145884493026,CMS4,0.15
TCGA-DT-5265,CMS4,0.48159003087678914,CMS4,0.15
TCGA-CI-6622,CMS2,0.3383350587589487,CMS2,0.15
TCGA-DY-A0XA,CMS2,0.4807904328965311,CMS2,0.15
TCGA-AF-6672,CMS3,0.5114612777285369,CMS3,0.15
TCGA-DC-5337,CMS2,0.3718378229469446,CMS2,0.15
TCGA-CL-4957,CMS2,0.35292717549759867,CMS2,0.15
TCGA-F5-6811,CMS4,0.5290662291819179,CMS4,0.15
TCGA-EI-6514,CMS4,0.4537452128813561,CMS4,0.15
TCGA-DC-6682,CMS2,0.32689658835570173,CMS2,0.15
TCGA-EI-6885,CMS4,0.43380852920534296,CMS4,0.15
TCGA-F5-6813,CMS4,0.15274368478675246,CMS4,0.15
TCGA-BM-6198,CMS1,0.17066447641135227,CMS1,0.15
TCGA-AF-6136,CMS3,0.30144820424356245,CMS3,0.15
TCGA-DY-A1H8,CMS2,0.6586434341103684,CMS2,0.15
TCGA-CL-5917,CMS2,0.3324176972375881,CMS2,0.15
TCGA-CI-6624,CMS4,0.1914359321687113,CMS4,0.15
TCGA-AG-3725,CMS3,0.41837086675261886,CMS3,0.15
TCGA-CI-6620,CMS2,0.07223851253262052,UNCLASSIFIED,0.15
TCGA-EI-6508,CMS2,0.2821147568724274,CMS2,0.15
TCGA-DC-6158,CMS4,0.5285344443647434,CMS4,0.15
TCGA-F5-6464,CMS4,0.9173110594744536,CMS4,0.15
TCGA-AH-6897,CMS2,0.5637302156977638,CMS2,0.15
TCGA-EI-6882,CMS3,0.6878099768496981,CMS3,0.15
TCGA-EI-6884,CMS3,0.10128109019170764,UNCLASSIFIED,0.15
TCGA-AG-3592,CMS2,0.3757521600165078,CMS2,0.15
TCGA-CL-5918,CMS2,0.6559037309717209,CMS2,0.15
TCGA-EI-6883,CMS2,0.2696676202424985,CMS2,0.15
TCGA-AF-4110,CMS4,0.2107860495409758,CMS4,0.15
TCGA-F5-6864,CMS4,0.577662789968153,CMS4,0.15
TCGA-F5-6812,CMS4,0.6965266365046674,CMS4,0.15
TCGA-DY-A1DD,CMS2,0.344834286732084,CMS2,0.15
TCGA-AH-6644,CMS4,0.41379707481876865,CMS4,0.15
TCGA-DC-4749,CMS2,0.5050812277706123,CMS2,0.15
TCGA-DC-6683,CMS2,0.40704152400845206,CMS2,0.15
TCGA-DY-A1DC,CMS2,0.258090487606828,CMS2,0.15
TCGA-EI-6507,CMS1,0.6556741797033185,CMS1,0.15
TCGA-AF-3911,CMS2,0.22701774382205742,CMS2,0.15
TCGA-DC-6157,CMS2,0.45645485541605463,CMS2,0.15
TCGA-EI-6509,CMS4,0.1732664613406744,CMS4,0.15
TCGA-AH-6547,CMS4,0.3564551317744615,CMS4,0.15
TCGA-AF-2687,CMS4,0.7309996563055671,CMS4,0.15
TCGA-G5-6233,CMS3,0.23294248187052224,CMS3,0.15
TCGA-F5-6810,CMS4,0.3407819232072173,CMS4,0.15
TCGA-EI-6917,CMS1,0.367441183192943,CMS1,0.15
TCGA-AH-6643,CMS1,0.13457538860735627,UNCLASSIFIED,0.15
TCGA-DC-6156,CMS4,0.7389353694679945,CMS4,0.15
TCGA-AG-3732,CMS3,0.4238584900028734,CMS3,0.15
TCGA-AF-6655,CMS4,0.24919774637044165,CMS4,0.15
TCGA-F5-6571,CMS4,0.6022936574432907,CMS4,0.15
TCGA-DY-A1DF,CMS4,0.230263571763235,CMS4,0.15
TCGA-F5-6863,CMS4,0.30094612421181677,CMS4,0.15
TCGA-AA-A01I,CMS2,0.33043736775456156,CMS2,0.15
TCGA-AA-3684,CMS4,0.6857024971895207,CMS4,0.15
TCGA-AA-A004,CMS3,0.16631651373493123,CMS3,0.15
TCGA-AA-3680,CMS3,0.4165636931372047,CMS3,0.15
TCGA-A6-2670,CMS4,0.3765804187155928,CMS4,0.15
TCGA-AA-3870,CMS4,0.5140483838572595,CMS4,0.15
TCGA-AA-3560,CMS3,0.24985135967459052,CMS3,0.15
TCGA-AA-3811,CMS1,0.30959709704484595,CMS1,0.15
TCGA-AA-A00O,CMS4,0.6783984201353391,CMS4,0.15
TCGA-AA-3862,CMS3,0.2121169385007583,CMS3,0.15
TCGA-AA-3519,CMS2,0.3505478406150225,CMS2,0.15
TCGA-AA-3977,CMS1,0.2878774622328493,CMS1,0.15
TCGA-AA-3517,CMS2,0.2562893280805747,CMS2,0.15
TCGA-AA-A024,CMS3,0.7363112772410997,CMS3,0.15
TCGA-AA-3525,CMS1,0.615949588932239,CMS1,0.15
TCGA-AA-A01D,CMS4,0.42881744546732886,CMS4,0.15
TCGA-AA-A01Q,CMS3,0.5351472221196879,CMS3,0.15
TCGA-AA-3833,CMS1,0.44444361170492364,CMS1,0.15
TCGA-AA-3548,CMS3,0.04070441195159669,UNCLASSIFIED,0.15
TCGA-AA-3666,CMS2,0.15775973349947944,CMS2,0.15
TCGA-AA-3976,CMS2,0.2720743766703657,CMS2,0.15
TCGA-AA-3819,CMS2,0.22098009110880037,CMS2,0.15
TCGA-AA-3556,CMS3,0.3605544020297374,CMS3,0.15
TCGA-CM-4746,CMS3,0.8169659260165589,CMS3,0.15
TCGA-AA-3543,CMS1,0.5939675618348269,CMS1,0.15
TCGA-AA-3939,CMS3,0.09428920269031549,UNCLASSIFIED,0.15
TCGA-A6-3808,CMS4,0.4800527256045199,CMS4,0.15
TCGA-A6-2681,CMS4,0.537757406015691,CMS4,0.15
TCGA-AA-A02E,CMS3,0.19426699596665525,CMS3,0.15
TCGA-AA-3860,CMS4,0.19874873181389513,CMS4,0.15
TCGA-AA-3858,CMS2,0.11342965498014268,UNCLASSIFIED,0.15
TCGA-AA-3555,CMS1,0.4331148835537347,CMS1,0.15
TCGA-A6-2677,CMS2,0.544212614742097,CMS2,0.15
TCGA-AA-A00R,CMS1,0.8571073560864105,CMS1,0.15
TCGA-AA-3856,CMS2,0.169807407590038,CMS2,0.15
TCGA-AA-3531,CMS2,0.5198403901768537,CMS2,0.15
TCGA-AA-3973,CMS4,0.37384586958172106,CMS4,0.15
TCGA-CM-4750,CMS2,0.3110698233114644,CMS2,0.15
TCGA-A6-2680,CMS2,0.11808871062098919,UNCLASSIFIED,0.15
TCGA-AA-3875,CMS2,0.17457802960790536,CMS2,0.15
TCGA-AA-3850,CMS3,0.09780678475951834,UNCLASSIFIED,0.15
TCGA-AA-A00U,CMS3,0.22949439025063154,CMS3,0.15
TCGA-AA-3844,CMS3,0.24471265729709693,CMS3,0.15
TCGA-AA-3867,CMS4,0.5290702062750298,CMS4,0.15
TCGA-AA-3672,CMS1,0.4808628264379348,CMS1,0.15
TCGA-AA-3877,CMS1,0.6894838817564047,CMS1,0.15
TCGA-AA-3664,CMS1,0.3534068625905861,CMS1,0.15
TCGA-AA-3544,CMS4,0.13725079685372796,UNCLASSIFIED,0.15
TCGA-AA-A022,CMS1,0.6237071048119364,CMS1,0.15
TCGA-AA-A03J,CMS2,0.0932436845186179,UNCLASSIFIED,0.15
TCGA-AA-A01R,CMS1,0.5826780883061844,CMS1,0.15
TCGA-AA-3941,CMS3,0.25896718025648474,CMS3,0.15
TCGA-AA-A00F,CMS4,0.2006157743552107,CMS4,0.15
TCGA-AA-A03F,CMS3,0.7059235134986802,CMS3,0.15
TCGA-AA-3679,CMS2,0.2907399795373324,CMS2,0.15
TCGA-AA-3667,CMS2,0.3472587338401005,CMS2,0.15
TCGA-AA-3861,CMS3,0.7991564821773335,CMS3,0.15
TCGA-AA-3982,CMS2,0.12026835806991254,UNCLASSIFIED,0.15
TCGA-AA-A01V,CMS3,0.6343468757956252,CMS3,0.15
TCGA-A6-2672,CMS1,0.6611896768435743,CMS1,0.15
TCGA-AA-3869,CMS2,0.08657255112870686,UNCLASSIFIED,0.15
TCGA-AA-A00J,CMS1,0.6079650155985379,CMS1,0.15
TCGA-AA-3549,CMS2,0.05986037443774863,UNCLASSIFIED,0.15
TCGA-CM-4752,CMS4,0.20993981052269214,CMS4,0.15
TCGA-AA-3538,CMS4,0.23223629287365535,CMS4,0.15
TCGA-AA-3979,CMS2,0.4204512658262909,CMS2,0.15
TCGA-AA-3521,CMS4,0.14164767366339542,UNCLASSIFIED,0.15
TCGA-AA-3950,CMS1,0.5154102878389127,CMS1,0.15
TCGA-AA-3984,CMS1,0.11764059516462687,UNCLASSIFIED,0.15
TCGA-A6-3810,CMS4,0.666051143122301,CMS4,0.15
TCGA-AA-A00N,CMS4,0.3208821826353943,CMS4,0.15
TCGA-AA-A00A,CMS1,0.2890704809944849,CMS1,0.15
TCGA-AA-3692,CMS3,0.15280938795540747,CMS3,0.15
TCGA-AA-3947,CMS1,0.4526835386972554,CMS1,0.15
TCGA-A6-2683,CMS2,0.2760468529626349,CMS2,0.15
TCGA-AA-A010,CMS1,0.2622157905050724,CMS1,0.15
TCGA-AA-3956,CMS4,0.180893762478439,CMS4,0.15
TCGA-AA-3851,CMS3,0.21152807810385013,CMS3,0.15
TCGA-AZ-4681,CMS2,0.524292087048906,CMS2,0.15
TCGA-AA-3678,CMS2,0.28580106101404557,CMS2,0.15
TCGA-AA-3527,CMS4,0.3875319100579025,CMS4,0.15
TCGA-AA-3975,CMS2,0.1989666253948968,CMS2,0.15
TCGA-AA-3494,CMS2,0.39397794876484354,CMS2,0.15
TCGA-AA-3715,CMS1,0.6695032639197106,CMS1,0.15
TCGA-AA-3534,CMS2,0.28830357523245354,CMS2,0.15
TCGA-AA-3846,CMS2,0.19854306665438962,CMS2,0.15
TCGA-AA-3518,CMS1,0.7014928510224885,CMS1,0.15
TCGA-A6-3809,CMS1,0.6495160023208705,CMS1,0.15
TCGA-AA-3542,CMS2,0.4164107502610398,CMS2,0.15
TCGA-AA-3529,CMS2,0.1637217794778315,CMS2,0.15
TCGA-AY-4071,CMS4,0.1998402492483388,CMS4,0.15
TCGA-AA-3831,CMS2,0.23866755122673014,CMS2,0.15
TCGA-AA-A029,CMS3,0.6195487865996376,CMS3,0.15
TCGA-A6-2674,CMS4,0.7222799359808584,CMS4,0.15
TCGA-AY-4070,CMS4,0.24937280404710743,CMS4,0.15
TCGA-A6-2671,CMS4,0.5299603746444407,CMS4,0.15
TCGA-AA-A01G,CMS2,0.30117362354005445,CMS2,0.15
TCGA-AA-A017,CMS4,0.30922358649282106,CMS4,0.15
TCGA-AA-A01F,CMS2,0.45685869895988157,CMS2,0.15
TCGA-AA-A00L,CMS2,0.5526451216159352,CMS2,0.15
TCGA-AA-3814,CMS4,0.36715902334640055,CMS4,0.15
TCGA-AA-3866,CMS4,0.3441578195493929,CMS4,0.15
TCGA-AA-3532,CMS4,0.1834024429877063,CMS4,0.15
TCGA-AA-A01C,CMS4,0.261865405377364,CMS4,0.15
TCGA-AA-3842,CMS4,0.15436546459835002,CMS4,0.15
TCGA-AA-A00D,CMS4,0.283217648035223,CMS4,0.15
TCGA-AA-3854,CMS3,0.7857868176082178,CMS3,0.15
TCGA-AA-3695,CMS4,0.5493724188478233,CMS4,0.15
TCGA-AA-3520,CMS4,0.19087739669373954,CMS4,0.15
TCGA-AA-A00K,CMS3,0.11146736511144306,UNCLASSIFIED,0.15
TCGA-AA-3972,CMS2,0.1910199201337077,CMS2,0.15
TCGA-AA-3864,CMS1,0.4350240457478526,CMS1,0.15
TCGA-AA-3968,CMS2,0.20025816537620103,CMS2,0.15
TCGA-AA-3516,CMS1,0.7942223794337433,CMS1,0.15
TCGA-A6-2678,CMS2,0.058732547637671835,UNCLASSIFIED,0.15
TCGA-CM-4748,CMS4,0.2323256216280853,CMS4,0.15
TCGA-AA-3952,CMS4,0.18116214788096247,CMS4,0.15
TCGA-AA-3855,CMS3,0.20368029978122823,CMS3,0.15
TCGA-AA-3971,CMS2,0.15284635431633214,CMS2,0.15
TCGA-AA-A01K,CMS4,0.49292113057470816,CMS4,0.15
TCGA-AA-3986,CMS3,0.0524785151186318,UNCLASSIFIED,0.15
TCGA-AA-A02J,CMS2,0.7567947033245122,CMS2,0.15
TCGA-AA-A02H,CMS2,0.28379219283997037,CMS2,0.15
TCGA-AA-3710,CMS1,0.7114025604977752,CMS1,0.15
TCGA-AA-A01S,CMS2,0.6130731218625803,CMS2,0.15
TCGA-AA-3524,CMS2,0.28887187472628795,CMS2,0.15
TCGA-AZ-4308,CMS4,0.5341227875030926,CMS4,0.15
TCGA-AA-A00E,CMS1,0.6884893949760607,CMS1,0.15
TCGA-AA-3949,CMS1,0.7186334846480733,CMS1,0.15
TCGA-A6-4107,CMS4,0.16438108584203084,CMS4,0.15
TCGA-CM-5341,CMS4,0.5015807010499351,CMS4,0.15
TCGA-AA-3514,CMS4,0.5173150743358143,CMS4,0.15
TCGA-AA-3552,CMS2,0.10009969959391533,UNCLASSIFIED,0.15
TCGA-AA-3812,CMS4,0.6325023325372041,CMS4,0.15
TCGA-AA-3554,CMS1,0.5478681684327193,CMS1,0.15
TCGA-AA-3553,CMS4,0.19502185040067313,CMS4,0.15
TCGA-AA-A02O,CMS3,0.4115174206059889,CMS3,0.15
TCGA-AA-3845,CMS1,0.4987906854117344,CMS1,0.15
TCGA-AA-A00W,CMS2,0.5270863450857031,CMS2,0.15
TCGA-AA-3696,CMS2,0.11343415349835993,UNCLASSIFIED,0.15
TCGA-AA-A00Z,CMS2,0.3552221779964094,CMS2,0.15
TCGA-AA-3561,CMS2,0.38993394603105747,CMS2,0.15
TCGA-A6-3807,CMS4,0.3109773136510285,CMS4,0.15
TCGA-AA-3966,CMS1,0.6687575696665214,CMS1,0.15
TCGA-AA-3818,CMS3,0.211824386306313,CMS3,0.15
TCGA-AA-3688,CMS2,0.37969328442553735,CMS2,0.15
TCGA-A6-2676,CMS1,0.9959725185022705,CMS1,0.15
TCGA-AA-3821,CMS1,0.5471008153007605,CMS1,0.15
TCGA-AA-3837,CMS4,0.212436095035562,CMS4,0.15
TCGA-AA-3562,CMS2,0.17988296880188095,CMS2,0.15
TCGA-AA-3980,CMS2,0.10604283481167504,UNCLASSIFIED,0.15
TCGA-AA-3930,CMS1,0.26618945264483795,CMS1,0.15
TCGA-AA-3994,CMS3,0.30591238581955565,CMS3,0.15
TCGA-AA-3530,CMS2,0.21485999212948764,CMS2,0.15
TCGA-AA-3970,CMS2,0.23352203322547466,CMS2,0.15
TCGA-AA-3872,CMS4,0.789806017203769,CMS4,0.15
TCGA-AA-3693,CMS2,0.5055839950664873,CMS2,0.15
TCGA-AA-3852,CMS3,0.2723789264385901,CMS3,0.15
TCGA-AA-A01T,CMS2,0.36729010985344135,CMS2,0.15
TCGA-AA-A00Q,CMS2,0.23655254003611773,CMS2,0.15
TCGA-AA-A02R,CMS1,0.8252027781731398,CMS1,0.15
TCGA-AA-3955,CMS2,0.47197709540153887,CMS2,0.15
TCGA-A6-2679,CMS3,0.17791509698900676,CMS3,0.15
TCGA-AA-A02W,CMS2,0.33470595401269976,CMS2,0.15
TCGA-AA-3673,CMS2,0.06663988438312309,UNCLASSIFIED,0.15
TCGA-AA-3989,CMS4,0.13781312629483308,UNCLASSIFIED,0.15
TCGA-AA-A02F,CMS2,0.2885185996699772,CMS2,0.15
TCGA-AA-3522,CMS3,0.5099987986467441,CMS3,0.15
TCGA-AA-3841,CMS4,0.144044255963294,UNCLASSIFIED,0.15
TCGA-AA-3488,CMS2,0.45149754421987714,CMS2,0.15
TCGA-AA-3815,CMS1,0.42031521760161994,CMS1,0.15
TCGA-AA-3681,CMS1,0.24542062676791374,CMS1,0.15
TCGA-AA-3848,CMS2,0.27026328539762284,CMS2,0.15
TCGA-AF-2691,CMS4,0.17527616094261825,CMS4,0.15
TCGA-AG-3611,CMS3,0.6830383623921688,CMS3,0.15
TCGA-AG-3593,CMS2,0.34222728035294653,CMS2,0.15
TCGA-AG-A015,CMS3,0.48822721533101154,CMS3,0.15
TCGA-AG-3881,CMS4,0.6014025707320584,CMS4,0.15
TCGA-AG-3605,CMS2,0.3067708279928238,CMS2,0.15
TCGA-AG-A00H,CMS4,0.4544209728312886,CMS4,0.15
TCGA-AF-3400,CMS4,0.5864806734721785,CMS4,0.15
TCGA-AG-3892,CMS3,0.38417067555754014,CMS3,0.15
TCGA-AG-A02G,CMS2,0.5196291784573341,CMS2,0.15
TCGA-AG-3598,CMS2,0.21848457410437777,CMS2,0.15
TCGA-AG-A01Y,CMS4,0.2377462821603608,CMS4,0.15
TCGA-AG-3882,CMS4,0.39730080901860415,CMS4,0.15
TCGA-AG-3726,CMS2,0.198300171265865,CMS2,0.15
TCGA-AG-A023,CMS4,0.3332424521716382,CMS4,0.15
TCGA-AG-A01N,CMS2,0.42230515774533983,CMS2,0.15
TCGA-AG-A025,CMS2,0.21429591201987244,CMS2,0.15
TCGA-AG-A01L,CMS2,0.2715095156644877,CMS2,0.15
TCGA-AG-3575,CMS1,0.5645497476490985,CMS1,0.15
TCGA-AG-A020,CMS3,0.7100422754078574,CMS3,0.15
TCGA-AG-A011,CMS2,0.05304779851883052,UNCLASSIFIED,0.15
TCGA-AG-3999,CMS4,0.21109568897365633,CMS4,0.15
TCGA-AG-3901,CMS4,0.6680441763944299,CMS4,0.15
TCGA-AG-A01J,CMS2,0.3551513746932429,CMS2,0.15
TCGA-AG-A014,CMS2,0.36577264704788504,CMS2,0.15
TCGA-AG-3580,CMS2,0.24273499878196791,CMS2,0.15
TCGA-AG-3896,CMS2,0.10089669127096662,UNCLASSIFIED,0.15
TCGA-AG-A032,CMS2,0.23558679178720834,CMS2,0.15
TCGA-AG-4007,CMS4,0.22324374589200216,CMS4,0.15
TCGA-AG-3578,CMS3,0.3769747157860296,CMS3,0.15
TCGA-AG-3583,CMS3,0.38726019344319057,CMS3,0.15
TCGA-AG-3885,CMS3,0.2388527836399149,CMS3,0.15
TCGA-AG-3599,CMS3,0.28620364978234647,CMS3,0.15
TCGA-AG-4001,CMS4,0.710810465222636,CMS4,0.15
TCGA-AG-4005,CMS4,0.215621664120378,CMS4,0.15
TCGA-AG-A02N,CMS3,0.6729706265570814,CMS3,0.15
TCGA-AF-3913,CMS4,0.27501334333981026,CMS4,0.15
TCGA-AG-3727,CMS4,0.1837966864527096,CMS4,0.15
TCGA-AF-2692,CMS2,0.07368882661582057,UNCLASSIFIED,0.15
TCGA-AG-A02X,CMS3,0.8171868959266052,CMS3,0.15
TCGA-AG-4015,CMS2,0.28683257402477336,CMS2,0.15
TCGA-AG-3601,CMS2,0.31058735880471555,CMS2,0.15
TCGA-AG-3582,CMS2,0.2591010567011332,CMS2,0.15
TCGA-AG-4008,CMS4,0.4455640985458904,CMS4,0.15
TCGA-AG-3728,CMS4,0.6497223205037509,CMS4,0.15
TCGA-AG-3586,CMS2,0.22709137093814855,CMS2,0.15
TCGA-AG-3600,CMS1,0.3908128456312993,CMS1,0.15
TCGA-AG-A01W,CMS2,0.3102185045793794,CMS2,0.15
TCGA-AG-3609,CMS4,0.41069821602309653,CMS4,0.15
TCGA-AG-3883,CMS4,0.6208033842800303,CMS4,0.15
TCGA-AG-A002,CMS1,0.4960654586631053,CMS1,0.15
TCGA-AG-A008,CMS3,0.844470483028305,CMS3,0.15
TCGA-AG-3574,CMS2,0.35446338320049436,CMS2,0.15
TCGA-AG-A00Y,CMS2,0.3727047011555155,CMS2,0.15
TCGA-AG-3587,CMS2,0.2944053529252859,CMS2,0.15
TCGA-AG-3894,CMS2,0.2936396434718278,CMS2,0.15
TCGA-AG-3612,CMS4,0.2512341652937284,CMS4,0.15
TCGA-AG-3909,CMS2,0.11185248286131667,UNCLASSIFIED,0.15
TCGA-AG-3890,CMS2,0.14295525650822527,UNCLASSIFIED,0.15
TCGA-AG-3602,CMS2,0.01885241397379919,UNCLASSIFIED,0.15
TCGA-AG-3878,CMS4,0.5861725711161235,CMS4,0.15
TCGA-AG-A036,CMS2,0.24207623465075284,CMS2,0.15
TCGA-AG-3584,CMS4,0.14974148943008428,UNCLASSIFIED,0.15
TCGA-AG-3608,CMS2,0.20534332991554868,CMS2,0.15
TCGA-AG-3893,CMS4,0.2969797704933383,CMS4,0.15
TCGA-AG-3898,CMS4,0.21858451788537384,CMS4,0.15
TCGA-AG-A026,CMS4,0.3688733518707336,CMS4,0.15
TCGA-AG-A016,CMS2,0.5411766732156018,CMS2,0.15
TCGA-AG-3887,CMS3,0.16567765282145058,CMS3,0.15
TCGA-AG-3581,CMS2,0.06481000441623003,UNCLASSIFIED,0.15
TCGA-AG-A00C,CMS2,0.44132196883989905,CMS2,0.15
TCGA-AG-3594,CMS3,0.5221701568727919,CMS3,0.15
